ID,type,lng                 ,lat                 ,pack_total_weight,pack_total_volume,first_receive_tm,last_receive_tm
0,1,116.227105 ,39.761300 ,-,-,08:00,00:00
10001,2,116.437355 ,39.989739 ,0.0056,0.0099,09:30,10:00
10002,2,116.382306 ,39.960325 ,0.2076,0.3666,09:30,11:30
10003,2,116.623784 ,40.034688 ,0.00473,0.032,09:00,11:00
10004,2,116.321390 ,39.811570 ,0.05863,0.1687,08:00,09:30
10005,2,116.455510 ,39.944381 ,0.03645,0.0745,10:00,11:00
10006,2,116.546946 ,39.864005 ,0.02595,0.0542,08:30,09:30
10007,2,116.192636 ,39.828248 ,0.0198,0.1117,10:00,11:00
10008,2,116.390727 ,39.893730 ,0.02653,0.0409,08:00,09:30
10009,2,116.124924 ,40.046550 ,0.06097,0.1057,09:00,10:30
10010,2,116.388077 ,39.902642 ,0.01075,0.0455,10:30,11:30
10011,2,116.596954 ,40.030318 ,0.221895,0.3375,11:30,12:00
10012,2,116.536792 ,39.957022 ,0.025,0.2034,09:30,11:30
10013,2,116.443353 ,39.800758 ,0.0057,0.0248,10:00,11:30
10014,2,116.343531 ,40.053524 ,0.051942,0.1037,09:00,10:00
10015,2,116.256760 ,39.934635 ,0.00624,0.0158,10:30,11:00
10016,2,116.428143 ,40.110781 ,0.04723,0.0964,09:00,10:30
10017,2,116.231580 ,39.881998 ,0.0051,0.0275,08:30,09:00
10018,2,116.206099 ,39.792749 ,0.692255,1.1219,08:00,08:30
10019,2,116.632029 ,39.892375 ,0.0054,0.0093,09:30,11:00
10020,2,116.283272 ,39.839872 ,0.003752,0.0397,08:00,09:00
10021,2,116.409095 ,39.951297 ,0.01055,0.026,09:00,11:00
10022,2,116.564581 ,40.137081 ,0.0505,0.1151,09:30,11:00
10023,2,116.153525 ,39.746987 ,0.348,3.4027,08:00,09:00
10024,2,116.308466 ,39.912960 ,0.4524,4.4235,10:00,10:30
10025,2,116.424777 ,39.937987 ,0.518445,1.4488,09:00,10:30
10026,2,116.283751 ,39.875050 ,0.0208,0.1346,10:00,10:30
10027,2,116.482258 ,40.001639 ,0.0061,0.0146,08:00,09:30
10028,2,116.371456 ,39.958079 ,0.003525,0.0204,11:00,12:00
10029,2,116.530478 ,39.782766 ,0.0886,0.1477,09:00,11:00
10030,2,116.279579 ,39.953997 ,0.00211,0.0089,10:30,12:00
10031,2,116.298674 ,39.727626 ,0.02865,0.0513,08:00,08:30
10032,2,116.241012 ,39.833148 ,0.0105,0.0386,10:30,12:00
10033,2,116.529464 ,40.009376 ,0.0856,0.1566,10:30,11:00
10034,2,116.184325 ,39.914531 ,0.03304,0.1331,10:00,12:00
10035,2,116.366709 ,39.715883 ,0.02366,0.3351,08:00,09:00
10036,2,116.641000 ,39.918367 ,0.00502,0.0309,09:00,09:30
10037,2,116.559676 ,39.853125 ,0.005364,0.0062,09:30,11:00
10038,2,116.431138 ,39.757773 ,0.0028,0.0202,08:00,08:30
10039,2,116.215395 ,39.736081 ,0.08944,0.1272,10:00,11:30
10040,2,116.645301 ,39.839617 ,0.0045,0.0108,09:30,10:00
10041,2,116.420314 ,39.937455 ,0.00582,0.0739,10:00,12:00
10042,2,116.624490 ,39.811995 ,0.015,0.3662,09:00,10:00
10043,2,116.524895 ,39.904290 ,0.00455,0.0614,08:30,10:30
10044,2,116.391802 ,39.765091 ,0.03798,0.051,08:00,09:30
10045,2,116.447055 ,40.060542 ,0.02212,0.798,11:00,11:30
10046,2,116.658478 ,39.932289 ,0.0057,0.0108,09:00,11:00
10047,2,116.158774 ,39.780867 ,0.24,0.4176,10:00,11:00
10048,2,116.208904 ,39.715940 ,0.013,0.0368,10:00,12:00
10049,2,116.517435 ,40.125519 ,0.3153,0.6039,11:00,12:00
10050,2,116.697575 ,39.917007 ,0.1716,0.4511,10:00,10:30
10051,2,116.351320 ,39.720152 ,0.04826,0.1466,10:00,11:30
10052,2,116.323810 ,40.067680 ,0.0013,0.0032,09:00,09:30
10053,2,116.560621 ,39.926488 ,0.0015,0.0038,09:00,11:00
10054,2,116.503753 ,40.060701 ,0.01467,0.1156,10:30,11:30
10055,2,116.224940 ,39.779523 ,0.0124,0.159,08:00,10:00
10056,2,116.224187 ,40.096210 ,0.0027,0.0917,10:00,11:00
10057,2,116.199836 ,39.863834 ,0.01817,0.0293,10:00,12:00
10058,2,116.372596 ,39.861877 ,0.06247,0.121,08:00,09:00
10059,2,116.390719 ,39.900011 ,0.0202,0.0515,08:00,10:00
10060,2,116.658728 ,39.961940 ,0.0024,0.048,11:00,12:00
10061,2,116.203554 ,40.036823 ,0.0106,0.0244,10:00,10:30
10062,2,116.188229 ,39.997943 ,0.06498,0.4311,08:00,09:00
10063,2,116.546578 ,39.815660 ,0.00168,0.0162,11:00,11:30
10064,2,116.309697 ,39.980247 ,0.00504,0.2481,08:00,09:00
10065,2,116.190341 ,39.787805 ,0.0135,0.0942,08:00,08:30
10066,2,116.183131 ,40.036575 ,0.0129,0.0973,08:30,10:30
10067,2,116.425374 ,39.872512 ,0.0129,0.0973,10:30,11:00
10068,2,116.226014 ,39.913908 ,0.012,0.0837,08:30,10:00
10069,2,116.204614 ,40.140678 ,0.02331,0.0956,10:00,11:00
10070,2,116.365550 ,40.087349 ,0.36857,0.5909,09:00,09:30
10071,2,116.652135 ,39.819984 ,0.0294,0.1717,09:00,10:30
10072,2,116.340280 ,39.799080 ,0.657512,1.0689,10:00,10:30
10073,2,116.153591 ,40.053798 ,0.01697,0.026,10:30,12:00
10074,2,116.336875 ,39.710804 ,0.05025,0.262,10:00,11:00
10075,2,116.218136 ,40.035685 ,0.04702,0.3459,09:00,10:30
10076,2,116.429870 ,40.011552 ,0.56436,0.878,09:00,10:00
10077,2,116.589001 ,39.863786 ,0.05526,0.0875,08:00,10:00
10078,2,116.171846 ,40.121601 ,0.09815,0.2089,08:00,09:00
10079,2,116.378621 ,39.860113 ,0.00896,0.3057,08:00,10:00
10080,2,116.264091 ,40.057709 ,0.013164,0.3085,09:00,10:00
10081,2,116.118371 ,39.735745 ,0.0878,0.9089,10:00,12:00
10082,2,116.424149 ,39.984811 ,0.03786,0.3001,09:30,10:30
10083,2,116.201684 ,39.903031 ,0.0072,0.1255,08:00,09:30
10084,2,116.271169 ,39.970029 ,0.0348,0.2074,11:00,12:00
10085,2,116.534351 ,39.800181 ,0.0252,0.0265,11:00,11:30
10086,2,116.258374 ,40.043397 ,0.0015,0.0031,09:00,10:30
10087,2,116.619480 ,39.890083 ,0.0288,0.1882,09:00,11:00
10088,2,116.266001 ,39.699231 ,0.0181,0.103,08:00,09:00
10089,2,116.167472 ,39.761402 ,0.021,0.1357,08:00,10:00
10090,2,116.468175 ,40.083011 ,0.0108,0.0612,10:30,11:30
10091,2,116.413538 ,39.836619 ,0.0056,0.0274,09:00,11:00
10092,2,116.188964 ,39.796825 ,0.0085,0.0723,08:00,09:30
10093,2,116.104581 ,39.767081 ,0.0021,0.0203,08:30,10:30
10094,2,116.653520 ,39.922479 ,0.0134,0.1608,10:00,11:30
10095,2,116.173612 ,39.797655 ,0.0164,0.1584,08:00,10:00
10096,2,116.147762 ,39.702263 ,0.04008,0.1237,10:00,11:00
10097,2,116.205796 ,39.896230 ,0.20093,0.295,08:00,08:30
10098,2,116.370359 ,39.915319 ,0.22901,0.3757,08:00,09:30
10099,2,116.571688 ,39.922699 ,0.03329,0.0594,09:00,11:00
10100,2,116.265113 ,39.826063 ,0.02872,0.0458,10:30,11:30
10101,2,116.405468 ,40.000125 ,0.02904,0.0432,09:30,11:30
10102,2,116.502296 ,39.839487 ,0.0526,0.06,08:00,09:00
10103,2,116.558710 ,39.931115 ,0.0092,0.056,09:00,11:00
10104,2,116.198748 ,39.944530 ,0.0084,0.0231,08:00,09:30
10105,2,116.700951 ,39.868963 ,0.006,0.0123,08:00,09:30
10106,2,116.236759 ,39.907280 ,0.3765,0.253,10:30,11:30
10107,2,116.332836 ,39.922848 ,0.01908,0.0726,09:00,11:00
10108,2,116.309700 ,39.953683 ,0.02112,0.04,09:00,10:30
10109,2,116.238167 ,40.044733 ,0.0336,0.062,09:30,11:30
10110,2,116.294871 ,39.966190 ,0.010625,0.0402,10:30,12:00
10111,2,116.513490 ,40.087020 ,0.06506,0.0767,10:00,11:30
10112,2,116.196051 ,40.082230 ,0.03432,0.0902,10:30,11:30
10113,2,116.314869 ,40.054075 ,0.15,0.2468,08:00,10:00
10114,2,116.460222 ,39.897161 ,0.05758,0.0716,09:00,10:00
10115,2,116.681000 ,39.869261 ,0.01536,0.0445,08:30,10:30
10116,2,116.468181 ,40.046460 ,0.0786,0.6139,09:30,10:30
10117,2,116.582560 ,40.081932 ,0.0027,0.0427,09:00,11:00
10118,2,116.681522 ,39.986227 ,0.004,0.0676,11:00,12:00
10119,2,116.237377 ,39.846996 ,0.024,0.05,10:00,12:00
10120,2,116.359920 ,39.919406 ,0.492,0.903,10:00,11:00
10121,2,116.293773 ,39.837069 ,0.152,0.315,10:00,11:30
10122,2,116.631017 ,39.896875 ,0.3596,3.5161,08:30,09:00
10123,2,116.560971 ,39.759136 ,0.15171,0.2329,08:30,09:30
10124,2,116.368612 ,39.740478 ,0.0204,0.0621,08:00,08:30
10125,2,116.361386 ,40.103819 ,0.03772,0.3039,10:00,11:00
10126,2,116.324013 ,39.824068 ,0.00754,0.1241,10:00,12:00
10127,2,116.471107 ,39.939456 ,0.0092,0.0276,09:00,10:00
10128,2,116.641452 ,40.027715 ,0.00482,0.0647,09:30,11:30
10129,2,116.262954 ,39.828919 ,0.00309,0.0134,08:30,09:00
10130,2,116.355163 ,39.769064 ,0.04418,0.3643,08:30,10:00
10131,2,116.393988 ,39.937880 ,0.00558,0.0397,10:00,10:30
10132,2,116.616520 ,39.922136 ,0.0021,0.0101,08:30,10:00
10133,2,116.426829 ,39.949393 ,0.0075,0.0294,09:00,09:30
10134,2,116.311736 ,39.756743 ,0.00276,0.0772,10:30,12:00
10135,2,116.302855 ,39.908949 ,0.09197,0.6076,11:30,12:00
10136,2,116.502567 ,39.901606 ,0.0013,0.0095,09:30,11:00
10137,2,116.580064 ,39.871511 ,0.0052,0.0089,09:30,10:00
10138,2,116.512880 ,39.848178 ,0.0064,0.0068,08:00,09:00
10139,2,116.466502 ,39.950648 ,0.08526,0.3598,08:00,10:00
10140,2,116.407814 ,39.762370 ,0.073,0.2659,08:00,09:30
10141,2,116.592422 ,39.980659 ,0.0238,0.1072,10:00,11:00
10142,2,116.344111 ,39.715060 ,0.427,0.6515,10:00,12:00
10143,2,116.211092 ,40.014766 ,0.0073,0.0224,09:00,09:30
10144,2,116.119248 ,39.802223 ,0.1095,1.0035,08:00,09:30
10145,2,116.463436 ,39.794012 ,0.0108,0.0178,10:30,11:00
10146,2,116.352844 ,39.966575 ,0.21378,0.3854,08:30,10:00
10147,2,116.350509 ,39.910696 ,0.2382,2.0293,08:30,10:30
10148,2,116.545370 ,40.083385 ,0.01808,0.1625,08:30,10:00
10149,2,116.424700 ,39.948278 ,0.08408,0.262,09:00,09:30
10150,2,116.195845 ,39.814882 ,0.12216,0.3263,08:00,09:30
10151,2,116.424785 ,39.940900 ,0.192,0.3069,08:00,10:00
10152,2,116.305697 ,39.956776 ,0.152195,0.267,10:00,11:00
10153,2,116.313459 ,39.766599 ,0.323375,0.6364,10:00,12:00
10154,2,116.432545 ,39.976787 ,0.15122,0.3452,09:00,10:30
10155,2,116.363730 ,40.103616 ,0.001825,0.0034,09:30,11:30
10156,2,116.298991 ,39.995534 ,0.162891,0.4848,10:00,11:00
10157,2,116.652717 ,39.914699 ,0.1888,0.3324,08:30,10:30
10158,2,116.313445 ,39.847737 ,0.48152,2.6539,08:00,09:00
10159,2,116.434430 ,39.919280 ,0.171,0.297,08:30,10:00
10160,2,116.635818 ,40.069117 ,0.00137,0.0086,10:00,11:00
10161,2,116.192973 ,39.823276 ,0.0037,0.0144,10:00,11:30
10162,2,116.276805 ,39.978759 ,0.075175,0.4547,09:30,10:00
10163,2,116.451560 ,39.966901 ,0.02764,0.2584,10:00,11:30
10164,2,116.274608 ,39.805978 ,0.00138,0.0172,10:30,11:00
10165,2,116.122971 ,39.793079 ,0.03,0.1,08:00,09:30
10166,2,116.470921 ,39.830654 ,0.22925,0.3858,09:30,10:00
10167,2,116.203602 ,40.092096 ,0.15,0.2468,10:00,11:30
10168,2,116.370523 ,40.077221 ,0.19877,0.2965,09:00,09:30
10169,2,116.361742 ,40.001180 ,0.206584,0.3716,09:00,10:30
10170,2,116.256462 ,39.989266 ,0.519,0.9165,11:00,11:30
10171,2,116.444326 ,39.805183 ,0.24687,0.5859,10:30,12:00
10172,2,116.250491 ,40.091854 ,0.159775,0.2796,10:00,10:30
10173,2,116.695729 ,39.871488 ,0.1733,0.667,08:30,10:00
10174,2,116.386671 ,39.976721 ,0.11544,0.2098,09:00,09:30
10175,2,116.551122 ,39.835435 ,0.179128,0.3172,10:30,11:30
10176,2,116.488890 ,40.011524 ,0.126505,0.1876,08:30,10:30
10177,2,116.241588 ,40.072487 ,0.02526,0.0365,09:00,10:00
10178,2,116.458848 ,39.884657 ,0.402725,0.7621,10:00,12:00
10179,2,116.229908 ,40.018949 ,0.153,0.2595,10:00,11:00
10180,2,116.177702 ,39.851812 ,0.240858,0.4389,10:00,12:00
10181,2,116.340811 ,39.712575 ,0.161815,0.2787,08:30,09:00
10182,2,116.374897 ,39.835417 ,0.21457,0.5964,10:00,12:00
10183,2,116.125089 ,39.776359 ,0.00132,0.0157,08:30,10:30
10184,2,116.412248 ,39.997124 ,0.167288,0.2766,10:00,11:30
10185,2,116.342912 ,39.740883 ,0.00834,0.0133,08:00,08:30
10186,2,116.666829 ,40.018272 ,0.17466,0.3058,08:00,09:30
10187,2,116.529668 ,40.124668 ,0.297287,0.6575,09:00,11:00
10188,2,116.398168 ,40.035135 ,0.151035,0.2572,09:00,10:30
10189,2,116.264642 ,40.005867 ,0.189045,0.3066,08:00,10:00
10190,2,116.474342 ,39.944632 ,0.01293,0.0264,08:30,09:30
10191,2,116.272575 ,39.846280 ,0.0013,0.0112,10:30,12:00
10192,2,116.379041 ,39.981793 ,0.19312,0.3998,08:30,09:00
10193,2,116.294941 ,40.029301 ,0.1269,0.1846,08:00,09:30
10194,2,116.140811 ,40.054609 ,0.06055,0.0901,11:30,12:00
10195,2,116.108387 ,39.744672 ,0.025664,0.0388,10:00,11:30
10196,2,116.668213 ,40.015554 ,0.0084,0.054,10:00,10:30
10197,2,116.465378 ,39.858574 ,0.0124,0.1241,08:00,09:00
10198,2,116.435995 ,39.842762 ,0.006,0.0733,09:30,11:30
10199,2,116.345517 ,39.886363 ,0.04136,0.0802,08:00,09:00
10200,2,116.287981 ,39.784494 ,0.00401,0.0071,10:00,12:00
10201,2,116.439371 ,40.090109 ,0.0082,0.0176,10:30,11:00
10202,2,116.482858 ,40.005597 ,0.010096,0.0753,09:30,11:00
10203,2,116.165392 ,39.813502 ,0.0048,0.0049,10:00,10:30
10204,2,116.149239 ,39.723956 ,0.023852,0.0299,08:30,10:00
10205,2,116.347880 ,39.747593 ,0.02246,0.0341,08:00,08:30
10206,2,116.316004 ,39.858473 ,0.01806,0.0217,08:00,09:30
10207,2,116.594350 ,40.049574 ,0.228415,0.4465,09:00,11:00
10208,2,116.264832 ,39.903068 ,0.00816,0.0143,09:30,10:30
10209,2,116.364303 ,39.922774 ,0.0236,0.032,09:30,11:00
10210,2,116.355721 ,39.950394 ,0.03,0.1,09:30,10:00
10211,2,116.503343 ,39.974747 ,0.5072,0.9,09:30,11:00
10212,2,116.536664 ,39.788119 ,0.00668,0.0153,11:30,12:00
10213,2,116.327215 ,40.053792 ,0.006,0.0569,10:00,11:30
10214,2,116.164925 ,40.054021 ,0.009,0.0853,11:00,11:30
10215,2,116.137588 ,39.839490 ,0.828,6.4765,09:30,10:30
10216,2,116.256050 ,39.951330 ,1.61,12.5932,08:00,09:30
10217,2,116.489700 ,39.974630 ,0.348,0.54,11:00,11:30
10218,2,116.508648 ,39.915788 ,0.023275,0.0213,08:00,10:00
10219,2,116.127355 ,39.833366 ,0.091,0.1753,08:00,08:30
10220,2,116.184247 ,39.766410 ,0.00524,0.0336,08:00,09:30
10221,2,116.560412 ,39.841934 ,0.01175,0.0454,11:00,11:30
10222,2,116.533197 ,40.070172 ,0.072,0.6306,10:00,11:30
10223,2,116.257499 ,40.147715 ,0.00198,0.1566,08:00,09:30
10224,2,116.559252 ,39.753860 ,0.01758,0.0389,09:30,10:00
10225,2,116.318129 ,39.968342 ,0.0672,0.1128,08:00,09:00
10226,2,116.262980 ,39.757114 ,0.18,0.342,08:00,09:00
10227,2,116.455801 ,39.823106 ,0.048,0.1,08:00,09:00
10228,2,116.237293 ,39.834984 ,0.02024,0.0416,08:00,08:30
10229,2,116.411161 ,39.956682 ,0.00112,0.0569,10:30,11:30
10230,2,116.665838 ,39.988959 ,0.333,2.7443,09:00,09:30
10231,2,116.118092 ,39.754015 ,0.123,0.9418,10:00,11:00
10232,2,116.364565 ,40.001554 ,0.0615,0.5417,10:30,12:00
10233,2,116.626752 ,39.988064 ,0.06825,0.5631,11:00,12:00
10234,2,116.477421 ,39.855494 ,0.0288,0.0954,09:00,11:00
10235,2,116.442376 ,39.835605 ,0.0105,0.0346,11:00,11:30
10236,2,116.502510 ,39.823734 ,0.0085,0.4271,09:00,10:30
10237,2,116.373302 ,39.865620 ,0.0156,0.0468,09:00,09:30
10238,2,116.530025 ,40.006937 ,0.00492,0.0146,08:00,09:30
10239,2,116.414764 ,39.980104 ,0.00754,0.1508,09:30,11:00
10240,2,116.262956 ,39.744747 ,0.0058,0.0093,10:00,11:00
10241,2,116.534619 ,40.076697 ,0.13905,1.2367,09:00,11:00
10242,2,116.147207 ,39.850333 ,0.0136,0.0322,10:30,11:30
10243,2,116.193915 ,39.856467 ,0.1177,1.2672,10:00,12:00
10244,2,116.453390 ,39.887923 ,0.009225,0.0264,10:30,11:30
10245,2,116.228045 ,40.131777 ,0.08312,1.4199,10:00,11:30
10246,2,116.646543 ,39.910520 ,0.003,0.0228,09:00,09:30
10247,2,116.391182 ,39.956933 ,0.0033,0.0158,08:30,09:30
10248,2,116.682891 ,39.995179 ,0.01485,0.0825,10:00,12:00
10249,2,116.600226 ,40.016852 ,0.0048,0.0104,11:00,12:00
10250,2,116.564678 ,40.007845 ,0.033,0.048,09:00,11:00
10251,2,116.254092 ,39.976479 ,0.03964,0.0719,10:30,11:30
10252,2,116.395640 ,39.952842 ,0.021202,0.1225,10:00,12:00
10253,2,116.418280 ,39.969416 ,0.111481,0.1628,09:30,10:00
10254,2,116.227235 ,39.932567 ,0.03672,0.1398,10:00,12:00
10255,2,116.705001 ,39.896399 ,0.00516,0.0104,08:00,09:00
10256,2,116.257151 ,39.835866 ,0.023268,0.0468,08:00,09:00
10257,2,116.398465 ,39.948174 ,0.01014,0.0164,10:00,12:00
10258,2,116.371075 ,39.910670 ,1.75794,2.7668,10:30,11:30
10259,2,116.568316 ,39.920393 ,0.584525,1.0338,08:00,09:30
10260,2,116.120020 ,39.841971 ,0.03504,0.0652,08:00,08:30
10261,2,116.513623 ,40.060007 ,0.0172,0.058,09:00,10:30
10262,2,116.138837 ,39.828514 ,0.148144,0.2932,08:00,08:30
10263,2,116.620273 ,39.800570 ,0.181,0.2962,09:00,09:30
10264,2,116.521308 ,40.082506 ,0.188367,0.3042,08:30,10:30
10265,2,116.206910 ,39.990231 ,0.04744,0.1732,09:00,09:30
10266,2,116.280174 ,39.961268 ,0.04224,0.08,10:30,12:00
10267,2,116.545679 ,39.793270 ,0.01271,0.0743,09:00,11:00
10268,2,116.350124 ,39.894587 ,0.01236,0.0427,09:00,10:00
10269,2,116.360507 ,39.945274 ,0.0263,0.03,08:00,09:00
10270,2,116.314019 ,40.073422 ,0.15628,0.2758,09:30,10:00
10271,2,116.334270 ,39.928941 ,0.00132,0.0014,11:00,12:00
10272,2,116.587552 ,40.050623 ,0.00651,0.0079,09:00,11:00
10273,2,116.370211 ,39.818489 ,0.22089,0.3692,10:00,11:00
10274,2,116.398006 ,39.954074 ,0.427,0.6553,08:00,10:00
10275,2,116.494453 ,40.062179 ,0.159465,0.3018,11:30,12:00
10276,2,116.563060 ,40.025701 ,0.135615,0.2547,09:30,11:00
10277,2,116.565100 ,39.968488 ,0.017,0.0774,10:00,10:30
10278,2,116.510161 ,39.860582 ,0.19925,0.3131,10:30,12:00
10279,2,116.229275 ,39.735052 ,0.15138,0.3166,08:00,10:00
10280,2,116.687094 ,39.960320 ,0.458324,0.7963,10:00,11:00
10281,2,116.285350 ,40.142601 ,0.169731,0.3162,08:30,10:30
10282,2,116.187672 ,40.115383 ,0.00275,0.0108,09:00,10:00
10283,2,116.247050 ,39.835001 ,0.00965,0.0358,08:00,09:30
10284,2,116.183707 ,39.923892 ,0.27,0.9,09:00,09:30
10285,2,116.153798 ,39.961595 ,0.141515,0.3067,09:00,10:30
10286,2,116.343665 ,40.086310 ,0.172,0.2543,10:00,10:30
10287,2,116.560606 ,40.024828 ,0.233098,0.4424,10:00,10:30
10288,2,116.317810 ,39.748956 ,0.00174,0.0255,08:00,09:30
10289,2,116.240322 ,39.856038 ,0.167725,0.2567,10:00,12:00
10290,2,116.411107 ,39.773771 ,0.0033,0.0388,08:00,09:00
10291,2,116.166870 ,39.728833 ,0.0104,0.0271,08:00,09:30
10292,2,116.599632 ,39.923363 ,0.00505,0.0117,11:00,11:30
10293,2,116.271901 ,39.751748 ,0.00108,0.0093,10:00,11:30
10294,2,116.276735 ,39.693774 ,0.00855,0.0194,08:00,08:30
10295,2,116.566610 ,39.774765 ,0.01324,0.0423,10:00,10:30
10296,2,116.432642 ,39.989465 ,0.233843,0.4788,10:00,11:30
10297,2,116.503033 ,39.802886 ,0.00132,0.0014,09:30,10:30
10298,2,116.285116 ,39.842239 ,0.154315,0.2805,08:30,10:00
10299,2,116.428443 ,39.883930 ,0.08,0.165,09:30,11:30
10300,2,116.400844 ,39.902156 ,0.248,0.514,09:00,10:00
10301,2,116.434554 ,39.890407 ,0.116,0.24,09:30,11:30
10302,2,116.694596 ,39.992083 ,0.3484,0.7428,10:00,11:00
10303,2,116.325550 ,39.937964 ,0.3084,0.4753,08:30,09:30
10304,2,116.544790 ,40.092167 ,0.42552,0.7946,09:00,11:00
10305,2,116.540919 ,39.857053 ,0.53058,1.1845,08:00,09:00
10306,2,116.472329 ,39.891663 ,0.35206,0.5677,09:30,11:30
10307,2,116.659503 ,40.002830 ,0.25584,0.4341,10:00,11:00
10308,2,116.636192 ,40.030347 ,0.63314,0.901,10:30,12:00
10309,2,116.340740 ,39.710887 ,0.2902,0.4687,10:00,10:30
10310,2,116.434245 ,39.885982 ,0.2869,0.478,09:30,11:00
10311,2,116.104063 ,39.716054 ,0.98664,1.5177,10:00,12:00
10312,2,116.584179 ,39.794395 ,0.07752,0.2258,08:00,09:00
10313,2,116.307495 ,39.984927 ,0.90402,1.4757,10:00,11:30
10314,2,116.361113 ,40.080760 ,0.11838,0.2677,09:00,10:00
10315,2,116.613043 ,39.921752 ,0.44918,0.8249,08:00,09:30
10316,2,116.245400 ,39.983420 ,0.09202,0.2043,11:30,12:00
10317,2,116.151619 ,39.723475 ,0.22008,0.3728,08:00,09:30
10318,2,116.365696 ,40.117834 ,0.2695,0.6045,10:30,11:00
10319,2,116.362426 ,39.923713 ,0.249,0.4469,10:00,10:30
10320,2,116.581458 ,39.764854 ,0.53744,0.8847,08:00,09:30
10321,2,116.559629 ,39.841342 ,1.52578,2.309,08:30,10:30
10322,2,116.406554 ,39.896867 ,0.68506,1.0887,08:30,09:30
10323,2,116.336128 ,39.827070 ,0.45786,0.6916,10:00,12:00
10324,2,116.165910 ,39.929830 ,1.2838,2.3358,10:00,11:00
10325,2,116.505957 ,40.002652 ,0.00726,0.0404,10:00,12:00
10326,2,116.566580 ,40.062250 ,0.0284,0.0898,09:30,10:00
10327,2,116.244541 ,40.096831 ,1.13966,1.7748,10:00,11:30
10328,2,116.447994 ,39.862303 ,0.83622,1.2372,08:30,10:30
10329,2,116.441059 ,39.895524 ,0.34886,0.6614,10:00,11:00
10330,2,116.628230 ,39.980257 ,0.31402,0.4957,08:00,10:00
10331,2,116.656704 ,39.891640 ,1.02788,1.5884,10:30,11:00
10332,2,116.450817 ,39.983265 ,1.14354,1.8357,08:00,09:30
10333,2,116.137252 ,39.797217 ,0.56518,0.9934,08:00,08:30
10334,2,116.322651 ,39.701257 ,0.58736,0.9466,10:00,11:30
10335,2,116.327875 ,39.982502 ,0.12896,0.2394,08:30,10:00
10336,2,116.501595 ,40.009422 ,0.13083,1.45,09:00,09:30
10337,2,116.135539 ,39.793382 ,0.2028,0.3875,10:00,11:30
10338,2,116.371240 ,39.857737 ,1.1096,7.4506,08:30,09:00
10339,2,116.168563 ,39.993851 ,0.200762,0.3948,08:30,09:30
10340,2,116.484475 ,39.915285 ,0.33028,0.5786,09:00,11:00
10341,2,116.513931 ,39.779387 ,0.4413,0.736,08:30,09:30
10342,2,116.160323 ,40.068139 ,0.64066,1.1978,10:00,12:00
10343,2,116.484636 ,40.029385 ,0.99912,1.6142,11:00,11:30
10344,2,116.269305 ,40.045363 ,0.37852,0.9054,10:30,11:30
10345,2,116.390941 ,39.948145 ,0.30788,0.6175,09:30,11:00
10346,2,116.665388 ,40.005593 ,0.27358,0.5589,11:30,12:00
10347,2,116.215377 ,39.912100 ,0.60722,0.953,10:30,12:00
10348,2,116.284583 ,39.823243 ,0.01358,0.0584,10:00,10:30
10349,2,116.402767 ,39.863777 ,0.42836,0.6541,09:00,10:00
10350,2,116.378570 ,39.947426 ,0.04638,0.1238,08:00,09:00
10351,2,116.333327 ,39.871765 ,0.1014,0.3298,09:00,11:00
10352,2,116.594900 ,40.009426 ,0.94838,1.4799,09:00,10:30
10353,2,116.452656 ,39.787912 ,1.22922,2.2785,10:00,12:00
10354,2,116.610861 ,39.865975 ,0.14754,0.2168,09:00,10:00
10355,2,116.557208 ,39.833515 ,1.05882,1.7261,09:00,10:30
10356,2,116.308120 ,39.979208 ,0.24104,0.3442,09:00,10:00
10357,2,116.673420 ,39.945347 ,1.6399,2.307,08:30,10:00
10358,2,116.689308 ,39.968799 ,0.14396,0.2614,10:30,11:00
10359,2,116.234773 ,39.740979 ,0.30226,0.6249,10:00,11:00
10360,2,116.339395 ,39.917532 ,0.04428,0.0736,09:00,09:30
10361,2,116.103670 ,39.716189 ,0.53208,0.7957,10:00,11:00
10362,2,116.516616 ,39.910215 ,0.46222,0.844,08:00,09:00
10363,2,116.338599 ,39.790065 ,0.79668,1.3288,08:00,08:30
10364,2,116.311703 ,39.759582 ,0.01008,0.0155,08:00,09:30
10365,2,116.359819 ,39.867835 ,0.71386,1.2858,09:00,11:00
10366,2,116.572335 ,39.775858 ,0.03248,0.0534,09:00,10:00
10367,2,116.257493 ,39.694247 ,0.18336,0.3324,08:30,09:30
10368,2,116.458187 ,39.821244 ,0.14778,0.4309,08:00,09:30
10369,2,116.312256 ,40.099726 ,0.14376,0.318,09:30,10:30
10370,2,116.419724 ,39.938518 ,0.48698,0.6686,09:30,11:30
10371,2,116.348132 ,40.098215 ,0.13476,0.3356,09:00,09:30
10372,2,116.465989 ,39.881909 ,1.5402,2.5964,08:00,09:00
10373,2,116.441902 ,40.111678 ,1.40492,2.1777,09:30,10:00
10374,2,116.188666 ,39.937992 ,0.4605,1.0361,08:00,09:00
10375,2,116.401774 ,39.833443 ,1.6181,2.3341,10:00,12:00
10376,2,116.233314 ,40.064593 ,0.62568,1.2917,08:30,10:00
10377,2,116.400631 ,39.853305 ,0.53138,0.9201,09:00,09:30
10378,2,116.440151 ,39.950858 ,0.32386,0.6175,10:00,11:30
10379,2,116.449989 ,39.840364 ,0.23034,0.3384,10:30,11:00
10380,2,116.418115 ,40.022555 ,0.37158,0.8335,09:00,11:00
10381,2,116.469370 ,39.968594 ,1.95406,3.4996,11:00,12:00
10382,2,116.619871 ,39.941438 ,0.19754,0.3674,09:30,11:30
10383,2,116.300651 ,39.940409 ,0.25872,0.4925,10:00,10:30
10384,2,116.333277 ,39.826931 ,0.02958,0.0828,10:00,12:00
10385,2,116.206852 ,39.917944 ,0.24096,0.5065,10:00,10:30
10386,2,116.247276 ,39.944606 ,0.39898,0.6086,08:00,09:00
10387,2,116.350606 ,39.950687 ,2.42934,4.2132,10:00,11:00
10388,2,116.179443 ,39.836530 ,0.026,0.0841,10:00,10:30
10389,2,116.336421 ,40.093002 ,0.27638,0.4391,10:00,11:30
10390,2,116.593265 ,39.957009 ,0.27382,0.4159,10:00,11:00
10391,2,116.566080 ,40.040703 ,0.17436,0.3032,10:00,12:00
10392,2,116.466521 ,40.070661 ,0.62094,1.0421,09:00,11:00
10393,2,116.307907 ,39.755554 ,0.34668,0.881,10:00,11:30
10394,2,116.127239 ,39.938655 ,0.1748,0.3024,09:00,10:00
10395,2,116.168298 ,40.152738 ,0.87262,1.7074,08:00,09:30
10396,2,116.125819 ,39.824464 ,0.21432,0.3194,10:00,11:30
10397,2,116.317800 ,39.939281 ,0.99816,1.8708,09:00,09:30
10398,2,116.282781 ,39.736606 ,0.51986,0.984,10:00,12:00
10399,2,116.590042 ,39.916201 ,0.83118,1.4532,09:00,09:30
10400,2,116.272613 ,40.006878 ,0.37924,0.8145,08:00,10:00
10401,2,116.517548 ,40.006476 ,0.21758,0.5999,10:30,11:30
10402,2,116.613882 ,39.841756 ,0.42048,0.7029,09:30,10:00
10403,2,116.218690 ,39.900174 ,1.54626,2.204,10:00,11:30
10404,2,116.614416 ,40.024671 ,0.36462,0.6038,09:00,10:00
10405,2,116.690906 ,39.940396 ,0.49926,0.7679,09:00,09:30
10406,2,116.566448 ,40.140895 ,0.3786,0.688,09:00,11:00
10407,2,116.292075 ,40.149915 ,0.53764,0.7184,08:00,10:00
10408,2,116.132073 ,39.737879 ,0.02826,0.0997,10:00,12:00
10409,2,116.326517 ,39.971046 ,0.1473,0.2267,10:00,11:30
10410,2,116.593862 ,39.983975 ,0.1169,0.217,11:30,12:00
10411,2,116.636077 ,39.926790 ,0.55948,1.0563,10:00,10:30
10412,2,116.428810 ,39.927642 ,0.37158,0.6483,08:00,10:00
10413,2,116.609013 ,39.976800 ,0.0888,0.1275,08:00,09:30
10414,2,116.543818 ,40.069302 ,0.24374,0.3902,10:30,11:30
10415,2,116.319431 ,40.018572 ,0.34806,0.622,08:30,10:30
10416,2,116.520040 ,39.808508 ,0.51346,0.8333,11:30,12:00
10417,2,116.370462 ,39.895810 ,0.06186,0.3615,09:30,11:00
10418,2,116.253197 ,39.887949 ,0.29114,0.4485,08:00,09:00
10419,2,116.131615 ,40.047118 ,0.18166,0.3318,08:00,09:00
10420,2,116.409467 ,39.988173 ,0.00174,0.0113,08:00,09:30
10421,2,116.673363 ,39.981152 ,0.2958,0.5314,10:00,11:00
10422,2,116.552912 ,40.073969 ,0.15204,0.3588,09:00,10:30
10423,2,116.673999 ,39.980414 ,0.93352,1.6593,10:00,10:30
10424,2,116.334813 ,39.928110 ,0.76428,1.2053,09:30,11:00
10425,2,116.162006 ,39.756577 ,0.09196,0.2093,10:00,12:00
10426,2,116.532845 ,40.105496 ,0.81876,1.2827,09:00,10:00
10427,2,116.636182 ,40.075046 ,0.55592,0.8878,08:00,10:00
10428,2,116.267189 ,39.984440 ,0.49298,0.7858,08:00,09:00
10429,2,116.601583 ,39.951345 ,0.06304,0.1729,08:00,09:30
10430,2,116.264762 ,39.879389 ,0.73346,1.4748,08:00,08:30
10431,2,116.413312 ,39.920956 ,0.27962,0.5189,11:30,12:00
10432,2,116.612853 ,40.113837 ,0.38512,0.6209,10:00,11:30
10433,2,116.323066 ,39.964123 ,0.18146,0.588,11:30,12:00
10434,2,116.264833 ,39.889698 ,0.02882,0.0973,10:00,11:30
10435,2,116.170769 ,40.083826 ,0.45782,0.7366,11:30,12:00
10436,2,116.505318 ,39.803869 ,1.4378,2.7187,08:00,09:30
10437,2,116.365765 ,40.035422 ,0.61244,1.1503,10:00,11:00
10438,2,116.691096 ,39.873770 ,1.21386,2.0523,09:00,11:00
10439,2,116.350996 ,39.729134 ,0.01514,0.0535,08:00,08:30
10440,2,116.144042 ,40.061772 ,0.92498,1.4561,09:30,11:00
10441,2,116.275130 ,40.133649 ,0.26328,0.4148,09:00,11:00
10442,2,116.210238 ,39.762206 ,0.08524,0.1432,10:00,11:00
10443,2,116.312152 ,39.696668 ,0.06646,0.1037,08:00,09:30
10444,2,116.437027 ,40.055259 ,0.42252,0.7675,11:00,11:30
10445,2,116.431985 ,39.819740 ,1.13288,1.8114,08:00,09:00
10446,2,116.622704 ,39.935082 ,1.7347,2.888,10:00,10:30
10447,2,116.485339 ,40.014539 ,0.09974,0.1793,09:30,10:00
10448,2,116.208981 ,40.067990 ,0.61094,1.0467,08:00,09:00
10449,2,116.181471 ,40.123751 ,0.23654,0.405,08:30,09:00
10450,2,116.337425 ,39.753076 ,0.03468,0.1495,10:30,12:00
10451,2,116.136034 ,39.835250 ,0.56804,1.0137,08:30,10:30
10452,2,116.240755 ,40.075163 ,1.31804,2.1146,09:30,10:00
10453,2,116.469082 ,40.137993 ,0.63722,1.0845,10:30,11:30
10454,2,116.469065 ,39.892877 ,0.21466,0.3682,08:00,10:00
10455,2,116.323259 ,40.171083 ,0.55876,0.956,09:30,10:00
10456,2,116.616135 ,40.138521 ,0.00104,0.0058,09:00,10:30
10457,2,116.342640 ,40.063554 ,0.3671,0.7404,11:00,11:30
10458,2,116.556911 ,39.923530 ,0.0049,0.0266,08:30,10:30
10459,2,116.348761 ,39.716274 ,0.14268,0.2194,08:00,09:30
10460,2,116.165472 ,39.712515 ,0.70432,1.3673,08:00,10:00
10461,2,116.230865 ,39.763171 ,0.47982,0.8208,08:30,09:00
10462,2,116.124470 ,39.986574 ,0.44456,0.6963,09:30,11:30
10463,2,116.534002 ,39.968857 ,0.68612,1.1114,09:30,11:30
10464,2,116.337000 ,40.058235 ,0.18542,0.3804,08:00,09:30
10465,2,116.128103 ,39.726369 ,0.63878,1.0059,10:00,10:30
10466,2,116.369858 ,40.006429 ,0.37128,0.5801,11:00,11:30
10467,2,116.668644 ,39.944120 ,0.34188,0.5727,09:00,11:00
10468,2,116.190539 ,39.808366 ,0.23382,0.4613,08:00,09:30
10469,2,116.170541 ,39.971716 ,0.62932,1.092,08:00,09:00
10470,2,116.492395 ,39.908854 ,0.1174,0.2353,10:30,12:00
10471,2,116.260493 ,39.884618 ,0.3542,0.5429,08:00,08:30
10472,2,116.284082 ,39.730811 ,0.2205,0.4668,10:00,10:30
10473,2,116.161678 ,39.718290 ,0.43428,0.7279,08:00,08:30
10474,2,116.405059 ,39.930655 ,0.02496,0.03,10:00,12:00
10475,2,116.574998 ,39.960586 ,0.02736,0.1189,10:00,11:30
10476,2,116.363753 ,40.117632 ,0.9337,1.7232,10:30,12:00
10477,2,116.155469 ,39.801322 ,0.05242,0.1159,08:00,09:00
10478,2,116.361031 ,39.906951 ,0.0857,0.1784,08:30,09:30
10479,2,116.288740 ,39.786702 ,0.3879,0.7503,10:00,12:00
10480,2,116.206663 ,40.107099 ,0.68066,1.3043,08:00,09:00
10481,2,116.527331 ,40.080994 ,0.19272,0.4081,09:30,10:30
10482,2,116.572840 ,39.917628 ,0.16038,0.4503,11:00,12:00
10483,2,116.630911 ,39.993813 ,0.08048,0.2328,11:00,11:30
10484,2,116.414982 ,40.078256 ,0.45934,0.7387,09:00,09:30
10485,2,116.623279 ,39.894458 ,0.11216,0.2803,08:30,10:30
10486,2,116.519177 ,39.906137 ,0.30934,0.4815,08:00,10:00
10487,2,116.148609 ,39.805588 ,0.12544,0.2661,10:00,11:30
10488,2,116.261002 ,39.879082 ,0.1464,0.2272,08:00,09:00
10489,2,116.170850 ,39.739400 ,0.19098,0.3131,10:00,11:00
10490,2,116.282800 ,39.939250 ,0.08352,0.1354,10:00,10:30
10491,2,116.222344 ,39.849481 ,0.01,0.0182,10:00,10:30
10492,2,116.500465 ,39.825699 ,0.2513,0.4956,10:30,11:00
10493,2,116.205646 ,40.070126 ,0.93376,1.4915,10:00,12:00
10494,2,116.607649 ,39.944362 ,0.2535,0.4641,08:00,10:00
10495,2,116.162759 ,39.810766 ,0.20894,0.34,10:30,11:30
10496,2,116.555736 ,40.119490 ,0.02224,0.0584,11:00,12:00
10497,2,116.343265 ,40.089681 ,0.29046,0.4789,10:00,11:00
10498,2,116.185276 ,39.832816 ,0.14242,0.2079,08:00,08:30
10499,2,116.386431 ,39.843064 ,0.14204,0.3475,08:00,09:00
10500,2,116.410980 ,40.030569 ,0.4531,0.8275,10:00,12:00
10501,2,116.180581 ,39.720721 ,0.0681,0.172,10:00,11:30
10502,2,116.172601 ,40.050059 ,0.63968,1.2843,09:00,10:30
10503,2,116.632738 ,39.975194 ,0.14996,0.2332,10:30,11:30
10504,2,116.609667 ,40.138490 ,0.16444,0.2704,10:30,11:00
10505,2,116.587707 ,40.019743 ,0.05912,0.1088,11:00,11:30
10506,2,116.638414 ,40.032178 ,0.39832,0.6243,09:00,09:30
10507,2,116.211964 ,39.754305 ,0.22868,0.3277,10:00,12:00
10508,2,116.491579 ,39.861282 ,0.24745,1.8008,09:30,11:30
10509,2,116.437400 ,40.082763 ,0.048,0.0792,08:30,10:00
10510,2,116.395638 ,39.941256 ,0.173841,0.3197,08:00,09:30
10511,2,116.573552 ,39.798785 ,0.00783,0.0168,08:30,09:00
10512,2,116.421719 ,39.931462 ,0.19588,0.4018,11:00,11:30
10513,2,116.408283 ,39.940084 ,0.01957,0.0268,09:00,11:00
10514,2,116.527266 ,40.025129 ,1.14672,1.9047,10:00,11:30
10515,2,116.273615 ,39.842285 ,0.1691,0.2946,10:00,11:30
10516,2,116.137914 ,39.782833 ,1.02551,1.5584,08:00,09:00
10517,2,116.324795 ,39.984417 ,0.167806,0.3168,11:00,11:30
10518,2,116.191414 ,40.086159 ,0.18507,0.4684,08:30,09:30
10519,2,116.513081 ,40.104469 ,0.00216,0.0239,10:00,12:00
10520,2,116.496860 ,39.900506 ,0.151403,0.2689,08:00,09:30
10521,2,116.249270 ,40.159909 ,0.002145,0.0092,09:30,11:00
10522,2,116.165764 ,39.713991 ,0.17732,0.3441,10:00,11:00
10523,2,116.563330 ,39.956410 ,0.0973,0.4035,09:30,10:00
10524,2,116.381159 ,40.058034 ,0.271326,0.7891,10:30,11:00
10525,2,116.632613 ,40.054434 ,0.244913,0.4047,10:00,10:30
10526,2,116.710282 ,39.898926 ,0.247967,0.4008,10:00,12:00
10527,2,116.459220 ,40.134303 ,0.16859,0.286,11:00,12:00
10528,2,116.503539 ,39.774918 ,0.00144,0.0044,09:30,10:30
10529,2,116.476869 ,39.851321 ,0.072,0.6043,11:00,11:30
10530,2,116.162928 ,39.991775 ,0.246,2.0252,08:30,10:30
10531,2,116.485235 ,39.962621 ,0.1026,0.8663,09:00,11:00
10532,2,116.200811 ,39.822021 ,0.0822,0.6728,10:00,11:30
10533,2,116.297384 ,39.827821 ,0.17578,0.2948,08:00,09:30
10534,2,116.588178 ,39.805009 ,0.00332,0.0278,10:00,11:30
10535,2,116.474120 ,39.795751 ,0.186209,0.3568,08:30,09:00
10536,2,116.426906 ,39.878846 ,0.01968,0.0194,09:30,11:30
10537,2,116.686145 ,39.879488 ,0.00408,0.0522,08:00,09:00
10538,2,116.485899 ,40.094478 ,0.174864,0.5003,09:00,11:00
10539,2,116.526437 ,39.969044 ,0.15803,0.287,10:30,11:30
10540,2,116.208324 ,39.885131 ,0.2025,2.6265,08:00,09:30
10541,2,116.260919 ,39.973270 ,0.3688,0.577,10:30,11:30
10542,2,116.245160 ,39.846082 ,0.22071,0.3751,08:30,09:00
10543,2,116.326052 ,39.893198 ,0.22148,0.3468,10:00,11:30
10544,2,116.384320 ,39.900580 ,0.235425,0.3893,09:00,11:00
10545,2,116.425080 ,39.899121 ,0.174095,0.2023,10:30,12:00
10546,2,116.286759 ,39.840604 ,0.152258,0.2995,10:30,11:30
10547,2,116.389983 ,40.135110 ,0.15493,0.313,09:30,10:30
10548,2,116.593638 ,40.051673 ,0.18408,0.3315,11:00,11:30
10549,2,116.206320 ,40.145257 ,0.2036,0.3671,09:00,11:00
10550,2,116.321564 ,39.971128 ,0.261575,0.5859,08:00,10:00
10551,2,116.230067 ,39.851956 ,0.180245,0.3471,08:00,09:30
10552,2,116.534027 ,39.787294 ,0.138,1.0794,09:00,10:00
10553,2,116.293126 ,39.965313 ,0.17466,0.3058,10:30,11:00
10554,2,116.258976 ,40.000048 ,0.15849,0.2766,10:00,10:30
10555,2,116.651001 ,39.868912 ,0.01068,0.0122,09:30,11:30
10556,2,116.192202 ,39.898199 ,0.1074,0.4501,09:00,10:30
10557,2,116.191229 ,39.938361 ,0.11576,0.4685,08:30,10:00
10558,2,116.188577 ,39.829535 ,0.427,0.6553,08:00,09:00
10559,2,116.500518 ,39.847678 ,0.174964,0.2683,09:30,11:30
10560,2,116.361370 ,39.926668 ,0.74092,0.8807,09:00,11:00
10561,2,116.693212 ,39.976680 ,0.2936,3.8229,09:00,11:00
10562,2,116.405268 ,39.733836 ,0.185,0.3252,10:00,11:30
10563,2,116.613870 ,40.139222 ,0.175875,0.5354,10:00,11:00
10564,2,116.496996 ,39.872342 ,0.157195,0.3262,10:00,11:00
10565,2,116.560684 ,39.940380 ,0.159406,0.2642,08:30,10:30
10566,2,116.143697 ,39.807933 ,0.22959,0.397,10:30,12:00
10567,2,116.340125 ,39.947808 ,0.238699,0.582,08:00,09:30
10568,2,116.529005 ,40.096980 ,0.298224,0.4553,09:00,10:00
10569,2,116.353486 ,39.918234 ,0.153685,0.2652,09:00,11:00
10570,2,116.156643 ,39.804024 ,0.145995,0.2013,10:00,11:00
10571,2,116.539307 ,39.746222 ,0.158275,0.2426,09:00,09:30
10572,2,116.161085 ,39.964600 ,0.1074,0.4501,10:00,12:00
10573,2,116.150649 ,39.798466 ,0.599,0.9073,08:00,10:00
10574,2,116.356876 ,39.930057 ,0.2544,0.237,09:00,10:30
10575,2,116.170366 ,40.136838 ,0.5088,0.474,11:00,11:30
10576,2,116.424251 ,39.892495 ,0.0082,0.1616,08:30,10:30
10577,2,116.304065 ,40.047154 ,1.0176,0.948,08:00,10:00
10578,2,116.162306 ,40.132568 ,0.01008,0.0407,08:00,09:30
10579,2,116.331667 ,40.088197 ,0.02625,0.0541,09:00,10:00
10580,2,116.243621 ,39.746045 ,0.03922,0.0609,08:00,09:00
10581,2,116.393286 ,40.050826 ,0.0579,0.0908,11:00,12:00
10582,2,116.523726 ,40.018196 ,0.414,3.2382,09:00,09:30
10583,2,116.686023 ,39.972804 ,0.5136,0.5362,10:00,12:00
10584,2,116.435740 ,39.972662 ,0.03,0.0618,08:00,10:00
10585,2,116.277746 ,39.757360 ,0.1892,0.3807,08:00,09:30
10586,2,116.297158 ,39.827777 ,0.0384,0.0468,08:30,09:30
10587,2,116.366260 ,39.901812 ,0.0696,0.6805,10:30,11:30
10588,2,116.260230 ,40.155766 ,0.1744,1.4556,10:00,10:30
10589,2,116.241848 ,39.850099 ,0.0105,0.893,08:00,10:00
10590,2,116.453658 ,39.979031 ,0.0824,0.7312,08:30,10:30
10591,2,116.352988 ,39.736755 ,0.01327,0.0815,10:00,11:30
10592,2,116.619416 ,40.110060 ,0.2256,0.3534,09:30,10:30
10593,2,116.332205 ,39.742490 ,0.001572,0.0156,10:00,11:00
10594,2,116.345733 ,39.976605 ,0.20049,0.3726,10:00,10:30
10595,2,116.471006 ,40.058100 ,0.186368,0.3281,08:00,10:00
10596,2,116.275306 ,40.133517 ,0.04024,0.0658,09:00,11:00
10597,2,116.485978 ,39.801095 ,0.00506,0.0104,10:00,11:30
10598,2,116.439413 ,39.817117 ,0.0503,0.0822,10:30,12:00
10599,2,116.623940 ,39.823015 ,0.062,0.01,08:30,09:30
10600,2,116.631868 ,39.855823 ,0.21385,0.3243,08:00,09:00
10601,2,116.476136 ,39.853568 ,0.08292,0.1101,11:00,11:30
10602,2,116.516777 ,40.141279 ,0.00636,0.051,11:30,12:00
10603,2,116.504196 ,39.880799 ,0.04218,0.3401,10:00,12:00
10604,2,116.340483 ,39.988839 ,0.04623,0.19,09:30,11:00
10605,2,116.333729 ,39.978227 ,0.0044,0.0297,09:00,10:30
10606,2,116.134420 ,39.839739 ,0.002544,0.008,10:00,11:00
10607,2,116.589087 ,39.925365 ,0.00264,0.0163,08:00,10:00
10608,2,116.463253 ,39.828817 ,0.002202,0.005,08:00,09:30
10609,2,116.209011 ,39.770369 ,0.00192,0.0094,10:00,11:00
10610,2,116.309704 ,39.914747 ,0.12599,0.2188,10:30,11:30
10611,2,116.228062 ,39.917970 ,0.01134,0.069,08:30,09:00
10612,2,116.393633 ,40.032231 ,0.00348,0.0064,09:00,09:30
10613,2,116.203411 ,39.904309 ,0.00852,0.0231,08:00,09:30
10614,2,116.132848 ,39.847286 ,0.011658,0.0233,10:30,12:00
10615,2,116.138881 ,39.737381 ,0.00294,0.0056,08:00,09:00
10616,2,116.679428 ,39.869070 ,0.012,0.0778,08:00,09:00
10617,2,116.408390 ,39.753627 ,0.00132,0.003,08:00,08:30
10618,2,116.385246 ,39.899770 ,0.0831,0.1781,10:30,11:00
10619,2,116.396538 ,39.804769 ,0.010275,0.1469,08:30,10:30
10620,2,116.194458 ,40.162156 ,0.0018,0.0353,08:00,09:30
10621,2,116.703790 ,39.954573 ,0.01923,0.0528,09:00,10:30
10622,2,116.501622 ,39.746887 ,0.22615,0.3522,08:30,10:00
10623,2,116.704524 ,39.931879 ,0.340275,0.568,09:00,10:00
10624,2,116.545296 ,40.122019 ,0.223551,0.5138,11:30,12:00
10625,2,116.366678 ,39.974950 ,0.00348,0.0314,08:00,09:30
10626,2,116.353413 ,39.886993 ,0.01044,0.0943,10:00,12:00
10627,2,116.186814 ,39.736325 ,0.17451,0.3934,10:00,11:30
10628,2,116.610477 ,39.799447 ,0.00914,0.0739,08:00,09:00
10629,2,116.344615 ,39.832165 ,0.00208,0.0312,10:00,11:00
10630,2,116.208383 ,40.024499 ,0.208889,0.3838,10:00,11:00
10631,2,116.298269 ,39.730084 ,0.20203,0.3668,08:00,08:30
10632,2,116.504549 ,39.827411 ,0.15078,0.3806,09:00,11:00
10633,2,116.273314 ,40.004687 ,0.17149,0.3503,09:00,10:30
10634,2,116.325098 ,39.939169 ,0.0256,0.0476,08:00,10:00
10635,2,116.364708 ,39.863381 ,0.1879,0.2903,09:30,10:30
10636,2,116.196999 ,39.731322 ,0.18443,0.5565,10:00,11:00
10637,2,116.152709 ,40.061901 ,0.1708,0.2606,08:30,09:30
10638,2,116.452632 ,40.040344 ,0.188865,0.286,10:00,10:30
10639,2,116.346160 ,39.906567 ,0.140295,0.2748,10:00,11:00
10640,2,116.416128 ,39.983278 ,0.0036,0.0132,09:30,10:00
10641,2,116.429443 ,39.799857 ,0.0026,0.0198,10:00,12:00
10642,2,116.450261 ,39.934522 ,0.17715,0.3008,09:00,11:00
10643,2,116.404282 ,40.130383 ,0.01536,0.0285,09:00,10:30
10644,2,116.450830 ,39.876177 ,0.162823,0.2854,08:00,09:00
10645,2,116.124851 ,40.038085 ,0.125475,0.4302,09:00,10:00
10646,2,116.359685 ,39.849931 ,0.406132,0.7118,10:00,11:00
10647,2,116.418290 ,39.899781 ,0.00231,0.0067,10:00,12:00
10648,2,116.249519 ,40.085202 ,0.250241,0.5637,08:00,10:00
10649,2,116.420569 ,39.816561 ,0.455088,0.7071,08:00,10:00
10650,2,116.328270 ,40.123668 ,0.28866,0.4392,09:00,10:30
10651,2,116.395067 ,39.898425 ,0.163,0.2861,08:00,09:00
10652,2,116.521177 ,39.862477 ,0.192575,0.3859,11:00,12:00
10653,2,116.420808 ,39.880739 ,0.219294,0.3446,10:30,11:00
10654,2,116.433156 ,40.062394 ,0.0023,0.0205,10:00,10:30
10655,2,116.480713 ,39.984700 ,0.1879,0.2903,08:00,10:00
10656,2,116.143330 ,39.728426 ,0.11566,0.1991,08:00,09:30
10657,2,116.354284 ,40.119589 ,0.16532,0.3102,10:30,11:30
10658,2,116.240441 ,39.933996 ,0.28505,0.5185,10:00,11:00
10659,2,116.187186 ,39.918854 ,0.025175,0.0426,09:30,10:00
10660,2,116.119053 ,40.037299 ,0.0074,0.0214,09:00,09:30
10661,2,116.646367 ,40.038750 ,0.172425,0.2499,08:30,10:30
10662,2,116.284360 ,39.722151 ,0.150538,0.2755,08:00,10:00
10663,2,116.301767 ,40.101275 ,0.211634,0.4313,09:30,10:30
10664,2,116.431091 ,39.831894 ,0.0128,0.0194,10:30,11:30
10665,2,116.240697 ,40.139803 ,0.180455,0.318,10:00,10:30
10666,2,116.387132 ,40.052612 ,0.219095,0.3608,11:00,11:30
10667,2,116.469126 ,40.125493 ,0.155294,0.3518,10:00,10:30
10668,2,116.329255 ,39.859036 ,0.29165,0.4525,10:00,12:00
10669,2,116.580980 ,39.985116 ,0.1116,0.1501,09:30,11:00
10670,2,116.299925 ,39.865613 ,0.0072,0.0169,10:00,11:30
10671,2,116.408472 ,40.046926 ,0.003,0.0287,09:00,10:00
10672,2,116.521409 ,40.136779 ,0.00312,0.0238,09:30,10:00
10673,2,116.321415 ,39.992888 ,0.00828,0.0517,10:00,12:00
10674,2,116.395622 ,39.802823 ,0.0517,0.1002,09:30,11:30
10675,2,116.352938 ,39.993843 ,0.04536,0.0693,11:00,12:00
10676,2,116.319399 ,40.086076 ,0.01416,0.0151,10:00,11:00
10677,2,116.302823 ,39.884178 ,0.041784,0.0895,10:30,11:00
10678,2,116.509083 ,40.063613 ,0.095,0.1545,10:00,12:00
10679,2,116.190151 ,40.026118 ,0.00552,0.0108,09:00,10:30
10680,2,116.672597 ,39.894150 ,0.0084,0.0977,08:30,10:00
10681,2,116.570189 ,39.788299 ,0.08786,0.7108,10:00,11:30
10682,2,116.464120 ,39.859878 ,0.0096,0.252,09:30,10:30
10683,2,116.246957 ,40.084608 ,0.015,0.1883,09:00,09:30
10684,2,116.164359 ,40.044524 ,0.09765,0.1495,10:30,11:00
10685,2,116.499582 ,39.945764 ,0.03154,0.1059,09:30,11:00
10686,2,116.365618 ,39.975576 ,0.00772,0.031,10:00,12:00
10687,2,116.306356 ,39.811374 ,0.0015,0.0253,08:00,09:00
10688,2,116.409284 ,39.951084 ,0.10061,0.1437,10:00,10:30
10689,2,116.573874 ,39.860552 ,0.045228,0.0831,08:30,10:30
10690,2,116.131039 ,39.840230 ,0.001048,0.0104,10:00,10:30
10691,2,116.498369 ,39.826180 ,0.003,0.02,09:00,11:00
10692,2,116.193086 ,39.807084 ,0.0014,0.0135,10:00,11:30
10693,2,116.132360 ,40.045368 ,0.12605,0.1969,08:00,09:30
10694,2,116.391101 ,39.892549 ,0.0055,0.0483,11:00,12:00
10695,2,116.346363 ,39.839411 ,0.0173,0.0284,10:00,10:30
10696,2,116.590209 ,39.930407 ,0.06062,0.0909,11:00,11:30
10697,2,116.359769 ,39.917177 ,0.77438,1.24,09:30,11:30
10698,2,116.179534 ,40.038050 ,0.03376,0.0572,09:00,11:00
10699,2,116.582028 ,39.909367 ,0.037,0.244,08:00,09:30
10700,2,116.252384 ,39.959015 ,0.04,0.271,10:00,11:00
10701,2,116.636407 ,39.835897 ,0.528,3.8841,09:30,10:30
10702,2,116.269361 ,39.897318 ,0.0252,0.0654,08:00,09:00
10703,2,116.267808 ,40.009335 ,0.0126,0.028,10:00,11:30
10704,2,116.184046 ,39.947477 ,0.0066,0.0217,08:30,10:00
10705,2,116.405149 ,39.947758 ,0.015,0.0717,11:00,11:30
10706,2,116.425312 ,40.070859 ,0.011,0.2,10:30,11:00
10707,2,116.120524 ,39.729856 ,0.003,0.2,08:00,08:30
10708,2,116.226552 ,39.905561 ,0.003,0.2,10:00,11:30
10709,2,116.307776 ,39.878691 ,0.003,0.2,08:00,09:30
10710,2,116.217941 ,39.913896 ,0.003,0.2,08:00,09:00
10711,2,116.615852 ,40.030160 ,0.029,0.2,10:30,11:00
10712,2,116.518702 ,39.806249 ,0.22914,2.2843,08:00,09:00
10713,2,116.371401 ,39.733083 ,0.006,0.0794,08:00,09:30
10714,2,116.582449 ,39.918857 ,0.0345,0.1875,10:30,12:00
10715,2,116.390096 ,39.966361 ,0.039,0.4018,10:00,11:00
10716,2,116.375310 ,39.914927 ,0.0264,0.5867,08:30,09:30
10717,2,116.293206 ,39.752522 ,0.00814,0.015,08:30,09:00
10718,2,116.277930 ,39.698651 ,0.03242,0.3178,08:30,10:30
10719,2,116.329516 ,39.794430 ,0.08032,0.1682,10:00,11:30
10720,2,116.329945 ,40.167054 ,0.0695,0.4242,09:00,10:30
10721,2,116.153474 ,39.800707 ,0.0298,0.1351,10:30,11:30
10722,2,116.244086 ,40.084092 ,0.07233,0.5148,10:00,11:00
10723,2,116.328728 ,39.753299 ,0.01275,0.0707,08:00,08:30
10724,2,116.365228 ,39.993890 ,0.0017,0.0135,08:30,09:00
10725,2,116.142877 ,39.717482 ,0.10615,1.4726,10:00,12:00
10726,2,116.613536 ,39.983460 ,0.00596,0.0272,08:00,10:00
10727,2,116.398511 ,39.765740 ,0.06177,0.5102,08:00,09:30
10728,2,116.421117 ,40.073989 ,0.05246,0.064,09:00,10:00
10729,2,116.252288 ,39.836850 ,0.0031,0.0041,08:00,09:00
10730,2,116.458442 ,40.137585 ,0.0498,0.5142,11:00,11:30
10731,2,116.574586 ,40.134031 ,0.0396,0.0639,08:30,10:30
10732,2,116.681819 ,39.848948 ,0.3545,2.9843,08:00,10:00
10733,2,116.253045 ,40.142078 ,0.15039,0.2501,08:00,09:30
10734,2,116.645949 ,39.897280 ,0.03824,0.0727,09:00,10:30
10735,2,116.199435 ,39.996579 ,0.2565,0.8893,10:30,11:00
10736,2,116.474548 ,39.812705 ,0.0307,0.0509,10:00,10:30
10737,2,116.489861 ,40.064089 ,0.7628,1.1438,10:00,12:00
10738,2,116.450802 ,39.878917 ,0.017,0.1447,09:00,10:30
10739,2,116.472440 ,40.023923 ,0.10978,0.167,11:00,12:00
10740,2,116.462477 ,39.977689 ,0.032525,0.0489,09:00,10:00
10741,2,116.419657 ,39.938407 ,0.5116,0.7941,10:00,10:30
10742,2,116.272042 ,40.038526 ,0.0226,0.1332,09:00,09:30
10743,2,116.416246 ,39.983283 ,0.00202,0.008,10:30,12:00
10744,2,116.310569 ,39.697358 ,0.0026,0.0068,08:00,09:30
10745,2,116.375040 ,39.780850 ,0.0045,0.0086,09:30,10:30
10746,2,116.221148 ,40.114667 ,0.066276,0.9147,11:00,12:00
10747,2,116.123316 ,40.044150 ,0.008225,0.0431,10:30,11:00
10748,2,116.358466 ,39.862341 ,0.0142,0.0995,11:30,12:00
10749,2,116.290418 ,39.862479 ,0.0021,0.038,08:00,10:00
10750,2,116.180665 ,40.075872 ,0.03463,0.0817,09:00,10:30
10751,2,116.261400 ,39.692644 ,0.048706,0.0817,10:00,11:00
10752,2,116.503246 ,39.879360 ,0.02022,0.1782,08:00,09:00
10753,2,116.425315 ,39.855700 ,0.02184,0.4118,11:00,11:30
10754,2,116.642943 ,39.998070 ,0.00144,0.0031,11:00,11:30
10755,2,116.626635 ,40.019648 ,0.00107,0.0012,10:00,12:00
10756,2,116.317496 ,40.083506 ,1.29042,12.864,08:00,09:30
10757,2,116.423540 ,40.005371 ,0.00168,0.0055,09:00,10:30
10758,2,116.479249 ,39.933880 ,0.00741,0.0391,10:00,11:30
10759,2,116.378225 ,39.905904 ,0.07633,0.45,10:00,11:00
10760,2,116.249330 ,40.111487 ,0.056288,0.3383,11:00,11:30
10761,2,116.575903 ,39.897601 ,0.931592,1.4919,09:00,09:30
10762,2,116.639992 ,39.837182 ,0.0264,0.0502,10:00,12:00
10763,2,116.239629 ,39.840304 ,0.53755,0.8366,08:00,09:30
10764,2,116.363808 ,39.935217 ,0.04374,0.0652,09:30,11:00
10765,2,116.397825 ,39.831698 ,0.152835,0.23,08:00,09:00
10766,2,116.267271 ,40.087088 ,0.44925,0.6805,11:00,12:00
10767,2,116.135880 ,39.745303 ,0.2253,0.5682,08:00,09:30
10768,2,116.339966 ,39.957924 ,1.69446,4.7239,08:00,09:30
10769,2,116.498264 ,39.832150 ,0.13518,0.3409,11:00,12:00
10770,2,116.192568 ,40.013208 ,0.375255,0.6037,10:30,11:00
10771,2,116.246292 ,40.108841 ,0.0033,0.014,10:00,12:00
10772,2,116.459269 ,39.997226 ,0.64689,1.0154,08:00,10:00
10773,2,116.438673 ,39.855561 ,0.3504,0.493,08:00,09:00
10774,2,116.664982 ,39.825691 ,0.02328,0.0345,10:30,11:30
10775,2,116.356133 ,39.993354 ,0.00783,0.0168,08:30,09:00
10776,2,116.200627 ,40.031816 ,0.1854,0.2587,10:00,10:30
10777,2,116.204183 ,39.754258 ,0.072,0.6306,08:00,10:00
10778,2,116.606704 ,39.777793 ,1.155125,1.8828,08:30,10:30
10779,2,116.572982 ,39.765068 ,0.003,0.0287,10:00,11:30
10780,2,116.463230 ,39.990103 ,0.5888,0.8695,11:00,12:00
10781,2,116.345006 ,39.832618 ,0.0081,0.0345,08:00,08:30
10782,2,116.298930 ,39.918888 ,0.10808,0.1785,10:30,11:00
10783,2,116.599670 ,39.915494 ,0.573546,0.8964,09:00,10:30
10784,2,116.473691 ,39.783734 ,0.174964,0.2683,10:00,11:30
10785,2,116.629404 ,39.881371 ,0.00444,0.008,11:00,12:00
10786,2,116.404040 ,40.037174 ,0.0134,0.0697,09:00,10:00
10787,2,116.405798 ,39.913644 ,0.00275,0.0038,09:00,09:30
10788,2,116.495877 ,39.962351 ,0.0034,0.0059,08:30,10:00
10789,2,116.504496 ,39.825247 ,0.0036,0.0077,08:00,09:00
10790,2,116.346205 ,39.706521 ,0.00701,0.0194,10:30,12:00
10791,2,116.273281 ,39.888175 ,0.12,0.25,08:00,08:30
10792,2,116.159122 ,39.851680 ,0.136,0.282,08:00,10:00
10793,2,116.463063 ,39.727508 ,0.168,0.33,08:00,09:30
10794,2,116.561015 ,40.127622 ,0.0783,0.6541,10:30,12:00
10795,2,116.195226 ,39.820951 ,0.111,0.9942,10:00,11:00
10796,2,116.453484 ,39.983315 ,0.3726,1.0996,09:00,09:30
10797,2,116.553811 ,39.784176 ,0.58374,1.7227,09:30,10:00
10798,2,116.149119 ,39.938498 ,0.3726,1.0996,08:00,09:00
10799,2,116.637775 ,39.871862 ,0.3726,1.0996,10:30,12:00
10800,2,116.448469 ,39.927001 ,0.2484,0.733,11:00,11:30
10801,2,116.694398 ,39.949056 ,0.2484,0.733,09:00,09:30
10802,2,116.552220 ,39.972327 ,1.91268,5.6444,10:00,10:30
10803,2,116.401078 ,39.721690 ,0.1801,0.2778,10:00,11:30
10804,2,116.407172 ,39.854453 ,1.3506,3.6595,10:00,11:30
10805,2,116.465940 ,40.084677 ,0.76792,2.0873,11:00,12:00
10806,2,116.431158 ,40.107335 ,0.0182,0.082,11:00,12:00
10807,2,116.220474 ,40.018503 ,0.05424,0.2722,08:00,10:00
10808,2,116.271909 ,39.721637 ,0.01152,0.0692,08:00,09:30
10809,2,116.190967 ,40.020106 ,0.04656,0.2839,08:30,09:30
10810,2,116.472430 ,40.115610 ,0.01746,0.0607,10:30,11:30
10811,2,116.259394 ,39.880590 ,0.81072,2.9798,08:00,08:30
10812,2,116.552067 ,39.791115 ,1.07538,6.2689,08:30,09:00
10813,2,116.245991 ,39.879626 ,0.0621,0.1833,10:00,12:00
10814,2,116.211789 ,39.958049 ,0.99822,2.3408,08:30,10:00
10815,2,116.113604 ,39.762090 ,0.02359,0.0691,10:00,11:00
10816,2,116.511254 ,40.086701 ,2.0467,3.249,09:30,10:30
10817,2,116.224511 ,40.164685 ,0.0128,0.0199,11:00,11:30
10818,2,116.407571 ,40.044550 ,0.184994,0.342,08:30,10:30
10819,2,116.125921 ,39.723273 ,0.0216,0.0356,10:30,12:00
10820,2,116.469068 ,39.892556 ,0.7575,5.5125,11:00,11:30
10821,2,116.377461 ,40.069994 ,0.00216,0.0239,10:00,12:00
10822,2,116.423843 ,39.937330 ,0.15999,0.3031,08:00,09:30
10823,2,116.558858 ,39.939267 ,0.009675,0.036,11:00,12:00
10824,2,116.121111 ,39.772550 ,0.30377,0.8616,08:00,09:00
10825,2,116.367559 ,39.999635 ,0.0084,0.0378,09:00,09:30
10826,2,116.413508 ,40.055854 ,0.184,1.4392,09:30,11:30
10827,2,116.528434 ,39.807629 ,0.01545,0.0905,09:30,11:30
10828,2,116.338931 ,39.889598 ,0.096,1.3886,09:00,10:30
10829,2,116.150186 ,39.879790 ,0.44577,1.0145,08:00,09:00
10830,2,116.468602 ,39.949854 ,0.00962,0.0753,11:00,12:00
10831,2,116.517445 ,39.841750 ,0.0173,0.0903,08:00,10:00
10832,2,116.499633 ,40.064838 ,0.078623,0.5777,08:30,10:30
10833,2,116.179440 ,39.912229 ,0.00971,0.0172,09:00,10:00
10834,2,116.372919 ,39.936494 ,0.04484,0.0715,10:00,11:00
10835,2,116.299636 ,39.788374 ,0.01469,0.0357,10:00,10:30
10836,2,116.364502 ,39.952432 ,0.008565,0.0157,11:00,11:30
10837,2,116.380586 ,39.799963 ,0.01109,0.0154,08:00,09:00
10838,2,116.269755 ,39.889420 ,0.03296,0.0582,10:00,12:00
10839,2,116.402330 ,40.020912 ,0.00523,0.0613,08:30,09:30
10840,2,116.176929 ,40.140949 ,0.004036,0.0275,11:00,12:00
10841,2,116.582576 ,40.125115 ,0.00941,0.065,09:30,10:00
10842,2,116.338845 ,39.722280 ,0.01116,0.0062,10:00,10:30
10843,2,116.348501 ,39.937486 ,0.06038,0.0956,08:00,09:30
10844,2,116.668123 ,39.913228 ,0.0074,0.019,09:00,10:30
10845,2,116.276184 ,39.779468 ,0.017,0.0216,08:00,09:30
10846,2,116.432587 ,39.780213 ,0.06075,0.0576,10:00,11:00
10847,2,116.302389 ,40.154791 ,0.10896,0.1984,09:00,11:00
10848,2,116.284204 ,40.064670 ,0.02485,0.047,09:00,11:00
10849,2,116.622259 ,39.918899 ,0.02,0.0242,10:00,12:00
10850,2,116.344180 ,40.000939 ,0.04028,0.0682,10:00,11:30
10851,2,116.259319 ,39.692970 ,0.186,0.2803,08:00,09:00
10852,2,116.177226 ,39.834350 ,0.0468,0.0763,10:00,11:00
10853,2,116.553668 ,40.082700 ,0.15438,0.2728,08:30,10:30
10854,2,116.404368 ,39.805160 ,0.0108,0.0178,10:00,12:00
10855,2,116.608004 ,39.958500 ,1.05,1.3259,08:00,09:30
10856,2,116.569680 ,40.089518 ,1.05,1.3259,11:00,12:00
10857,2,116.259922 ,39.833245 ,0.244505,0.5589,08:00,08:30
10858,2,116.661852 ,39.908952 ,0.03346,0.3,10:00,10:30
10859,2,116.245640 ,40.073709 ,0.07342,0.75,08:00,10:00
10860,2,116.352355 ,39.862138 ,0.02128,0.25,08:00,09:00
10861,2,116.596776 ,39.994433 ,0.01017,0.12,10:00,11:30
10862,2,116.356504 ,39.949384 ,0.00807,0.08,10:00,11:30
10863,2,116.499451 ,39.964426 ,0.00485,0.07,10:00,10:30
10864,2,116.545097 ,39.960409 ,0.0105,0.08,09:00,11:00
10865,2,116.699835 ,39.906029 ,0.00825,0.07,09:00,10:30
10866,2,116.489929 ,39.806235 ,0.0054,0.07,08:30,10:00
10867,2,116.265795 ,40.046662 ,0.00526,0.07,10:00,11:00
10868,2,116.285503 ,39.805330 ,0.00583,0.05,08:00,08:30
10869,2,116.657808 ,39.875344 ,0.00959,0.07,09:00,09:30
10870,2,116.324058 ,39.860870 ,0.00195,0.02,10:00,12:00
10871,2,116.141587 ,39.957018 ,0.133,1.1263,08:00,09:30
10872,2,116.269092 ,40.003239 ,0.00151,0.02,08:00,09:00
10873,2,116.297807 ,40.053979 ,0.02052,0.35,09:00,10:00
10874,2,116.438786 ,39.905024 ,0.26133,0.4221,10:00,10:30
10875,2,116.426210 ,39.861010 ,0.0309,0.2742,08:00,10:00
10876,2,116.394551 ,39.900489 ,0.08401,0.95,08:00,09:30
10877,2,116.445936 ,39.886025 ,0.03107,0.2,10:30,12:00
10878,2,116.598223 ,39.760012 ,0.02719,0.12,10:00,11:30
10879,2,116.418126 ,39.904743 ,0.02794,0.2,10:00,10:30
10880,2,116.384057 ,40.154246 ,0.12046,1.25,09:30,10:00
10881,2,116.704190 ,39.949395 ,0.05938,0.7,10:00,12:00
10882,2,116.649588 ,39.891009 ,0.06719,0.75,10:30,12:00
10883,2,116.443736 ,39.917690 ,0.03468,0.55,08:00,09:30
10884,2,116.439088 ,39.769595 ,0.11099,1.25,10:00,11:00
10885,2,116.429340 ,39.809441 ,0.1929,2.15,10:00,10:30
10886,2,116.161717 ,39.730951 ,0.10441,0.2447,08:00,08:30
10887,2,116.243066 ,40.036085 ,0.04424,0.0913,08:00,10:00
10888,2,116.123158 ,39.755072 ,0.06325,0.1978,08:00,09:30
10889,2,116.156596 ,39.760759 ,0.26837,0.6872,08:00,09:00
10890,2,116.291777 ,40.161207 ,0.5309,1.3299,11:00,12:00
10891,2,116.472877 ,39.945166 ,0.20544,0.6121,11:00,11:30
10892,2,116.365238 ,39.850776 ,0.1157,1.3294,09:30,11:30
10893,2,116.314428 ,39.911177 ,0.2362,0.4884,08:00,09:00
10894,2,116.421557 ,40.153529 ,0.03669,0.0807,08:30,10:00
10895,2,116.360488 ,39.830750 ,0.06674,0.2256,10:00,10:30
10896,2,116.498452 ,39.967352 ,0.309375,0.515,08:00,10:00
10897,2,116.259559 ,40.087968 ,2.3056,3.5095,09:00,11:00
10898,2,116.557681 ,40.117651 ,0.0035,0.026,10:00,12:00
10899,2,116.149940 ,39.709377 ,0.0552,0.1224,10:00,11:00
10900,2,116.416632 ,40.067845 ,0.01805,0.0829,11:00,12:00
10901,2,116.393049 ,39.933607 ,0.11864,0.7978,09:00,10:00
10902,2,116.391784 ,39.941464 ,0.06985,0.5042,10:00,10:30
10903,2,116.558836 ,40.078895 ,0.025238,0.179,09:30,11:30
10904,2,116.414116 ,39.859406 ,0.00618,0.0567,08:00,09:30
10905,2,116.335810 ,39.885027 ,0.00675,0.0201,09:00,10:00
10906,2,116.420724 ,39.897770 ,0.017725,0.0404,08:30,09:30
10907,2,116.560210 ,39.926376 ,1.38132,1.9981,10:00,10:30
10908,2,116.252865 ,39.824782 ,0.65474,1.0643,08:00,08:30
10909,2,116.647847 ,39.877558 ,0.8,1.3903,09:00,10:30
10910,2,116.482309 ,39.933932 ,0.57924,0.9328,08:30,10:00
10911,2,116.151017 ,40.052388 ,0.34192,0.5765,10:00,11:00
10912,2,116.196012 ,39.815305 ,1.66496,2.5993,10:00,10:30
10913,2,116.477416 ,39.894553 ,0.33024,0.5303,09:00,11:00
10914,2,116.374964 ,39.742124 ,0.16668,0.3071,08:30,10:30
10915,2,116.177479 ,40.046808 ,1.46378,2.4378,08:00,09:30
10916,2,116.475601 ,39.910799 ,0.0941,0.1806,09:00,10:30
10917,2,116.183767 ,40.077964 ,0.13634,0.31,09:00,10:00
10918,2,116.628575 ,40.030391 ,0.19614,0.3567,10:00,11:00
10919,2,116.328860 ,40.057419 ,0.00204,0.0144,08:00,10:00
10920,2,116.175205 ,40.037905 ,0.17552,0.3604,08:00,09:30
10921,2,116.220077 ,39.838935 ,0.17906,0.2975,08:00,09:30
10922,2,116.276901 ,39.978697 ,0.52452,0.9317,08:30,09:30
10923,2,116.223937 ,40.031669 ,1.34712,2.0785,10:00,10:30
10924,2,116.397758 ,39.802881 ,0.91556,1.5102,08:00,10:00
10925,2,116.435801 ,39.901293 ,0.14528,0.2432,09:00,11:00
10926,2,116.423789 ,39.723140 ,0.1623,0.2472,08:30,10:00
10927,2,116.530755 ,39.870083 ,0.26926,0.5063,08:30,09:00
10928,2,116.525267 ,39.791774 ,2.3512,3.4563,10:00,12:00
10929,2,116.197349 ,39.704709 ,0.20932,0.3345,10:00,12:00
10930,2,116.359904 ,39.923501 ,0.04654,0.1034,10:30,12:00
10931,2,116.571338 ,39.773291 ,0.28196,0.4299,08:30,09:30
10932,2,116.264544 ,39.928969 ,0.5064,0.8067,08:00,09:00
10933,2,116.570512 ,40.011684 ,0.275,0.5668,11:00,12:00
10934,2,116.292534 ,39.922021 ,0.36238,0.6173,10:30,11:00
10935,2,116.287221 ,39.923221 ,0.65716,1.0552,08:30,10:00
10936,2,116.592182 ,39.803079 ,0.04078,0.0948,10:00,11:30
10937,2,116.174429 ,39.872993 ,0.32808,0.5683,10:00,11:00
10938,2,116.592056 ,39.798516 ,0.5904,1.1023,10:30,11:30
10939,2,116.368601 ,39.884391 ,0.2453,0.5935,08:30,09:00
10940,2,116.440249 ,39.888942 ,0.102,0.1776,09:30,11:30
10941,2,116.264513 ,39.806114 ,0.5955,0.8994,10:00,12:00
10942,2,116.239015 ,39.954940 ,0.39362,0.6877,08:30,10:30
10943,2,116.364107 ,39.926646 ,0.03566,0.068,11:00,11:30
10944,2,116.191452 ,39.764112 ,0.8858,1.511,08:00,08:30
10945,2,116.635137 ,39.847751 ,0.1655,0.2864,08:00,09:30
10946,2,116.363705 ,39.896910 ,0.09914,0.1922,08:00,09:00
10947,2,116.463821 ,39.739382 ,0.41754,0.6117,08:30,10:00
10948,2,116.364968 ,39.939009 ,0.23862,0.5916,10:00,11:00
10949,2,116.615143 ,39.841396 ,0.5959,1.0429,11:00,12:00
10950,2,116.524046 ,39.892810 ,0.179,0.3064,10:30,11:00
10951,2,116.312124 ,39.965984 ,0.19982,0.3931,08:30,10:30
10952,2,116.376342 ,40.053897 ,0.47418,0.7852,10:00,11:30
10953,2,116.343013 ,39.742235 ,0.05484,0.1161,10:00,11:30
10954,2,116.702928 ,39.974950 ,0.52742,0.8809,09:00,10:00
10955,2,116.280964 ,39.951287 ,0.03446,0.0646,08:30,09:00
10956,2,116.520637 ,39.804227 ,1.5295,2.6761,10:00,12:00
10957,2,116.182991 ,40.077400 ,0.40932,0.7395,09:30,11:00
10958,2,116.381524 ,39.904829 ,0.59008,1.0637,11:00,12:00
10959,2,116.447119 ,39.838054 ,0.5758,1.1349,08:00,09:00
10960,2,116.215314 ,39.738025 ,1.52242,2.6614,08:00,08:30
10961,2,116.533941 ,40.002082 ,0.41276,0.7084,09:00,10:30
10962,2,116.507761 ,39.962137 ,0.51524,0.9137,10:00,12:00
10963,2,116.550558 ,39.758835 ,0.31512,0.5118,09:00,10:30
10964,2,116.565947 ,39.862656 ,0.13306,0.2449,10:30,11:30
10965,2,116.643074 ,39.881525 ,0.2706,0.5067,08:30,09:00
10966,2,116.456880 ,39.988179 ,0.03446,0.0702,09:00,10:30
10967,2,116.636837 ,39.904571 ,0.14296,0.2728,10:00,10:30
10968,2,116.498032 ,40.061919 ,0.97332,1.6431,10:30,11:30
10969,2,116.344946 ,39.726068 ,1.59766,2.7288,08:00,08:30
10970,2,116.431049 ,39.748730 ,0.0373,0.0944,08:00,09:30
10971,2,116.332277 ,39.704411 ,0.4633,0.6692,08:00,08:30
10972,2,116.249505 ,39.706988 ,0.08056,0.1355,08:00,09:30
10973,2,116.551596 ,39.977094 ,1.9828,4.4404,10:30,11:00
10974,2,116.316443 ,39.848161 ,0.0396,0.0869,09:00,11:00
10975,2,116.501410 ,39.789130 ,0.50508,1.1159,08:00,09:30
10976,2,116.511391 ,39.772282 ,0.3579,0.573,09:00,10:30
10977,2,116.565216 ,40.135136 ,0.10426,0.1817,09:30,10:30
10978,2,116.136393 ,39.751491 ,0.63934,1.0772,10:00,11:00
10979,2,116.229280 ,40.073759 ,0.18886,0.3675,10:00,10:30
10980,2,116.141679 ,39.770452 ,0.03836,0.0717,10:00,10:30
10981,2,116.462562 ,39.997354 ,0.03372,0.0781,09:00,11:00
10982,2,116.230486 ,40.078519 ,0.41316,0.6286,10:00,11:30
10983,2,116.562535 ,40.066701 ,0.12246,0.2356,10:00,11:00
10984,2,116.361669 ,39.877099 ,0.38048,0.5378,09:00,10:00
10985,2,116.151534 ,39.723628 ,1.1938,2.0248,10:00,10:30
10986,2,116.222837 ,39.896669 ,0.93782,1.4653,08:00,08:30
10987,2,116.483085 ,39.780040 ,1.92586,3.363,10:30,12:00
10988,2,116.380259 ,39.729967 ,0.22896,0.3853,08:00,09:30
10989,2,116.376990 ,39.778976 ,0.46594,0.7133,08:00,09:00
10990,2,116.471655 ,40.084731 ,0.28046,0.562,11:00,12:00
10991,2,116.468092 ,40.046613 ,0.27654,0.5587,08:30,10:00
10992,2,116.215791 ,40.065392 ,0.12098,0.2295,08:30,10:00
10993,2,116.157349 ,39.725694 ,0.03352,0.0736,08:00,09:00
10994,2,116.274428 ,39.904710 ,0.30676,0.5347,10:00,11:00
10995,2,116.427289 ,39.905228 ,0.0222,0.0393,09:00,09:30
10996,2,116.333929 ,40.078544 ,1.04662,1.6756,10:00,10:30
10997,2,116.332946 ,39.787857 ,0.04118,0.0754,08:00,10:00
10998,2,116.401556 ,40.063622 ,0.25662,0.4427,10:00,12:00
10999,2,116.506778 ,40.125492 ,0.38032,1.2421,09:00,10:00
11000,2,116.290519 ,39.830600 ,0.30634,0.7147,10:00,10:30
11001,2,116.517437 ,39.841908 ,0.819,1.5873,08:00,09:00
11002,2,116.216339 ,39.995113 ,0.25692,0.5111,10:00,12:00
11003,2,116.206747 ,40.079418 ,0.59448,0.9504,10:00,11:30
11004,2,116.192161 ,40.090396 ,0.31802,0.5587,11:00,12:00
11005,2,116.534104 ,39.776545 ,2.18692,3.5475,10:30,11:30
11006,2,116.195826 ,39.999615 ,0.58716,0.9305,10:00,11:00
11007,2,116.283211 ,39.858187 ,0.48864,0.8241,08:00,10:00
11008,2,116.248910 ,39.916179 ,0.3945,0.5742,08:00,09:00
11009,2,116.277117 ,40.158561 ,0.75004,1.3688,10:00,11:00
11010,2,116.110451 ,39.978572 ,0.89352,1.5112,08:30,09:30
11011,2,116.147576 ,40.050444 ,1.4294,2.1731,11:30,12:00
11012,2,116.217400 ,39.984590 ,0.05756,0.1243,11:00,11:30
11013,2,116.585962 ,39.919669 ,0.53764,1.1191,08:00,10:00
11014,2,116.258337 ,40.039448 ,0.35362,0.5673,09:00,10:30
11015,2,116.390516 ,39.806652 ,0.0433,0.0976,08:00,09:00
11016,2,116.670256 ,39.975514 ,0.07034,0.1571,10:00,11:00
11017,2,116.599632 ,39.905655 ,0.15446,0.328,10:00,10:30
11018,2,116.217457 ,39.787417 ,0.12852,0.3605,10:00,12:00
11019,2,116.502812 ,40.130060 ,0.2415,0.3236,10:00,11:30
11020,2,116.561861 ,40.058198 ,0.51304,0.7242,08:00,09:30
11021,2,116.203138 ,40.108127 ,0.11692,0.2002,10:30,11:30
11022,2,116.504059 ,39.863699 ,0.35846,0.6253,10:00,11:00
11023,2,116.424813 ,39.899581 ,1.53764,2.5209,08:30,10:00
11024,2,116.624543 ,39.925418 ,0.0358,0.0808,09:00,10:30
11025,2,116.433181 ,39.888535 ,0.2257,0.3933,09:00,10:00
11026,2,116.377841 ,39.913232 ,0.41764,0.6866,09:00,09:30
11027,2,116.664135 ,39.872725 ,0.33996,0.6065,10:00,10:30
11028,2,116.352988 ,39.970718 ,0.05636,0.104,09:00,11:00
11029,2,116.206756 ,40.107316 ,0.56924,0.8743,09:00,10:30
11030,2,116.455132 ,39.839993 ,0.3116,0.4969,08:30,10:00
11031,2,116.599981 ,39.965741 ,0.06874,0.1222,10:00,10:30
11032,2,116.172846 ,39.723572 ,0.06118,0.175,10:00,10:30
11033,2,116.335947 ,39.820596 ,0.05124,0.0849,10:00,12:00
11034,2,116.200985 ,40.034208 ,0.0584,0.1068,08:30,10:00
11035,2,116.685860 ,39.972487 ,0.13068,0.2645,10:00,11:00
11036,2,116.457188 ,39.863456 ,0.77298,1.2241,08:00,09:00
11037,2,116.138081 ,39.988933 ,0.12326,0.2103,09:30,11:30
11038,2,116.551442 ,39.763097 ,0.09262,0.1405,08:00,09:00
11039,2,116.314554 ,39.858211 ,0.48564,0.7465,10:00,11:00
11040,2,116.104690 ,39.749999 ,0.06328,0.1134,10:00,11:00
11041,2,116.303607 ,40.024723 ,0.11104,0.2305,11:00,11:30
11042,2,116.442041 ,39.920481 ,0.00242,0.0229,08:00,09:30
11043,2,116.194423 ,39.913680 ,0.2255,0.3951,10:30,12:00
11044,2,116.179758 ,40.162597 ,0.31382,0.5394,10:00,11:30
11045,2,116.486105 ,39.912508 ,0.2306,0.4274,09:30,10:30
11046,2,116.467600 ,39.794389 ,0.184072,0.4341,10:30,11:00
11047,2,116.236991 ,39.842206 ,0.27114,0.4783,10:00,12:00
11048,2,116.442219 ,39.753490 ,0.018892,0.0323,10:00,12:00
11049,2,116.469690 ,39.909685 ,0.26199,0.4564,08:00,09:00
11050,2,116.349319 ,39.725585 ,0.1613,0.2846,10:00,11:00
11051,2,116.497598 ,40.142543 ,0.16723,0.2909,10:30,11:00
11052,2,116.224683 ,39.953734 ,0.207836,0.426,10:00,12:00
11053,2,116.403354 ,39.865386 ,0.0146,0.0248,08:00,09:30
11054,2,116.248411 ,39.831935 ,0.32945,0.6776,08:00,09:30
11055,2,116.493575 ,39.907120 ,0.73345,2.3334,11:00,11:30
11056,2,116.329388 ,39.967074 ,0.5745,1.2306,10:30,11:00
11057,2,116.189809 ,39.725939 ,0.28265,0.4943,10:00,11:30
11058,2,116.438641 ,39.799719 ,0.20544,0.2472,08:00,09:30
11059,2,116.357893 ,39.892747 ,0.045,0.15,11:00,12:00
11060,2,116.407998 ,39.749117 ,0.04272,0.0588,10:00,11:00
11061,2,116.216938 ,39.789261 ,0.0545,0.3875,08:00,10:00
11062,2,116.553989 ,39.795011 ,0.15675,1.0509,09:30,11:30
11063,2,116.539630 ,39.795414 ,0.32474,1.9532,08:00,09:00
11064,2,116.534639 ,40.090900 ,0.168194,0.2588,10:00,10:30
11065,2,116.437925 ,39.756927 ,0.283,0.479,08:00,09:00
11066,2,116.221050 ,40.166143 ,0.017895,0.2676,08:00,09:30
11067,2,116.326814 ,39.951735 ,0.1708,0.2606,08:00,09:00
11068,2,116.182432 ,40.075431 ,0.380774,0.8011,11:00,12:00
11069,2,116.283392 ,40.100405 ,0.08642,0.154,10:00,10:30
11070,2,116.261736 ,39.723760 ,0.00936,0.0119,10:00,12:00
11071,2,116.552526 ,40.044258 ,0.010458,0.0705,10:00,11:00
11072,2,116.184164 ,40.028045 ,0.07454,0.1377,10:00,10:30
11073,2,116.447440 ,39.908740 ,0.299,2.3387,11:00,11:30
11074,2,116.477662 ,39.871087 ,0.66995,5.2659,08:30,10:30
11075,2,116.275942 ,39.969818 ,0.07482,0.1997,10:00,11:30
11076,2,116.582867 ,39.915754 ,0.01655,0.0304,08:00,09:30
11077,2,116.411090 ,39.974251 ,0.26359,1.9727,11:00,12:00
11078,2,116.299608 ,39.959584 ,0.07452,0.105,10:30,11:00
11079,2,116.514712 ,39.909990 ,0.195,0.2971,10:00,12:00
11080,2,116.206083 ,39.933897 ,0.275885,0.51,09:30,11:30
11081,2,116.202200 ,39.886733 ,0.168715,0.2864,10:00,11:30
11082,2,116.668215 ,39.911538 ,0.00914,0.0739,09:00,10:00
11083,2,116.168679 ,40.146756 ,0.46975,0.7258,08:30,09:00
11084,2,116.435277 ,39.977674 ,0.12743,0.2067,10:00,10:30
11085,2,116.408276 ,40.049474 ,0.06366,0.0892,09:00,11:00
11086,2,116.236187 ,39.929315 ,0.1824,0.2771,10:00,11:30
11087,2,116.382974 ,39.948041 ,0.19888,0.394,09:00,09:30
11088,2,116.311107 ,39.973223 ,0.254245,0.5021,10:00,12:00
11089,2,116.237721 ,39.837160 ,0.05664,0.0889,08:30,10:00
11090,2,116.610408 ,39.836067 ,0.23844,0.3721,09:00,10:30
11091,2,116.293596 ,40.147832 ,0.1004,0.1524,10:00,11:00
11092,2,116.277020 ,39.830488 ,0.02024,0.0416,10:00,10:30
11093,2,116.455538 ,39.950869 ,0.01518,0.0312,09:00,09:30
11094,2,116.205729 ,39.884996 ,0.01518,0.0312,09:00,11:00
11095,2,116.525821 ,40.007413 ,0.03634,0.0657,10:00,11:00
11096,2,116.542853 ,39.901007 ,0.00438,0.0191,08:30,09:30
11097,2,116.701421 ,39.955495 ,0.00322,0.0143,09:00,10:00
11098,2,116.348421 ,39.716028 ,0.0254,0.0484,08:00,08:30
11099,2,116.569945 ,39.811924 ,0.21636,0.3768,08:00,09:00
11100,2,116.268567 ,39.834271 ,0.15902,0.2896,08:30,10:00
11101,2,116.583337 ,39.919970 ,0.163895,0.2543,09:00,10:30
11102,2,116.513370 ,39.930022 ,0.14435,0.2633,10:00,11:00
11103,2,116.325338 ,39.971430 ,0.54094,0.9143,09:00,11:00
11104,2,116.196741 ,39.922657 ,0.1982,0.3277,08:00,10:00
11105,2,116.140187 ,39.859227 ,0.39089,0.709,10:00,11:30
11106,2,116.314825 ,40.074427 ,0.0143,0.0952,09:00,10:00
11107,2,116.467080 ,39.931013 ,0.00816,0.0897,09:00,09:30
11108,2,116.548662 ,40.036603 ,0.0039,0.044,10:00,10:30
11109,2,116.351686 ,40.089501 ,0.00144,0.0077,09:00,11:00
11110,2,116.475229 ,39.794744 ,0.0106,0.0415,08:00,09:30
11111,2,116.150573 ,39.702080 ,0.16571,0.2531,08:00,09:00
11112,2,116.396213 ,40.032541 ,0.265376,0.5304,10:00,11:00
11113,2,116.150969 ,39.937666 ,0.2208,0.2723,08:30,10:30
11114,2,116.121381 ,40.039662 ,0.15822,0.272,09:30,11:30
11115,2,116.405599 ,39.889828 ,0.3415,0.3915,08:00,09:00
11116,2,116.325228 ,39.940195 ,0.0086,0.0127,10:30,12:00
11117,2,116.255129 ,39.694746 ,0.0768,0.1427,10:00,11:00
11118,2,116.165539 ,39.816278 ,0.71696,1.3074,08:00,09:00
11119,2,116.591401 ,39.882787 ,0.18483,0.356,09:30,11:00
11120,2,116.597130 ,40.052111 ,0.20632,0.3853,09:00,10:30
11121,2,116.194481 ,40.047033 ,0.15067,0.259,09:00,10:00
11122,2,116.460590 ,39.828516 ,0.15967,0.3283,08:30,09:00
11123,2,116.526359 ,39.768352 ,0.19558,0.3229,08:00,10:00
11124,2,116.471330 ,40.084254 ,0.149055,0.2602,09:30,11:30
11125,2,116.548843 ,39.977111 ,0.19763,0.3515,10:00,11:30
11126,2,116.540722 ,39.855681 ,0.17665,0.303,08:00,09:30
11127,2,116.481134 ,39.846317 ,0.21567,0.3832,10:00,12:00
11128,2,116.296248 ,39.897291 ,0.15056,0.2482,08:00,09:30
11129,2,116.231533 ,39.739801 ,0.2135,0.3258,10:00,11:30
11130,2,116.377530 ,39.944497 ,0.2995,0.4536,09:00,10:00
11131,2,116.165140 ,39.765478 ,0.189338,0.331,08:00,08:30
11132,2,116.404270 ,39.829463 ,0.187065,0.3355,10:00,10:30
11133,2,116.673353 ,39.906623 ,0.1509,0.3002,08:00,10:00
11134,2,116.412626 ,39.897227 ,0.16409,0.2725,09:00,10:00
11135,2,116.684365 ,39.866140 ,0.17583,0.3177,09:30,10:30
11136,2,116.308851 ,39.983200 ,0.25158,0.456,09:00,09:30
11137,2,116.594816 ,40.050176 ,0.1709,0.2788,08:00,09:30
11138,2,116.249023 ,39.857501 ,0.29083,0.5124,08:00,08:30
11139,2,116.477271 ,39.884914 ,0.16685,0.2612,08:30,10:30
11140,2,116.325098 ,39.944737 ,0.0028,0.0351,08:00,09:30
11141,2,116.154085 ,39.840496 ,0.194,0.2937,10:00,11:00
11142,2,116.467875 ,40.023004 ,0.00218,0.0018,09:00,10:00
11143,2,116.177428 ,39.860492 ,0.14915,0.2615,10:00,12:00
11144,2,116.391159 ,39.970574 ,0.18408,0.3315,08:00,10:00
11145,2,116.549142 ,39.807094 ,0.193685,0.3362,09:30,11:00
11146,2,116.433505 ,40.136900 ,0.48497,0.8551,09:00,10:30
11147,2,116.557415 ,39.774595 ,0.0093,0.0497,10:30,11:00
11148,2,116.559137 ,40.091483 ,0.101,0.2377,11:00,11:30
11149,2,116.363125 ,39.896110 ,0.012,0.2,08:00,10:00
11150,2,116.137695 ,39.739853 ,0.069,0.2,10:30,12:00
11151,2,116.525981 ,40.128955 ,0.096,0.2,09:30,10:00
11152,2,116.382301 ,39.890550 ,0.0223,0.3033,08:30,10:30
11153,2,116.276374 ,39.969749 ,0.0215,0.14,10:00,11:30
11154,2,116.378657 ,39.912238 ,0.0129,0.084,09:30,11:00
11155,2,116.145112 ,39.705786 ,0.00528,0.1083,10:00,11:00
11156,2,116.555543 ,39.978030 ,0.01652,0.1506,11:00,11:30
11157,2,116.459403 ,40.154328 ,0.010154,0.4219,11:30,12:00
11158,2,116.512472 ,39.871143 ,0.101,0.2377,08:00,09:30
11159,2,116.486817 ,39.893030 ,0.01226,0.0438,09:30,11:00
11160,2,116.276389 ,39.772809 ,0.0062,0.0332,10:00,11:00
11161,2,116.503314 ,40.150811 ,0.00456,0.0303,08:30,10:30
11162,2,116.270380 ,40.008801 ,0.016872,0.1382,08:30,10:30
11163,2,116.333654 ,39.862158 ,0.00432,0.0214,08:30,10:00
11164,2,116.169821 ,39.969427 ,0.019728,0.1362,11:00,12:00
11165,2,116.347805 ,40.116100 ,0.0847,0.2817,09:30,10:30
11166,2,116.172526 ,39.720435 ,0.11984,0.357,08:00,09:00
11167,2,116.638882 ,39.909470 ,0.2484,0.733,10:00,12:00
11168,2,116.641477 ,40.032699 ,0.02796,0.097,08:00,09:30
11169,2,116.547297 ,40.088330 ,0.16112,0.3768,11:00,12:00
11170,2,116.305979 ,39.976837 ,0.0266,0.0624,08:30,09:30
11171,2,116.638404 ,39.909510 ,0.25814,0.6851,09:00,09:30
11172,2,116.347305 ,39.703718 ,1.69446,4.7239,08:00,09:30
11173,2,116.192322 ,39.797640 ,0.02796,0.097,08:00,09:30
11174,2,116.489339 ,39.849739 ,0.03012,0.07,08:30,10:00
11175,2,116.507352 ,40.064782 ,1.104,8.5536,10:00,11:00
11176,2,116.298375 ,39.814426 ,0.02796,0.097,08:00,08:30
11177,2,116.403931 ,39.934890 ,0.8,4.998,08:00,10:00
11178,2,116.169433 ,39.926333 ,1.6,9.996,08:30,10:30
11179,2,116.210643 ,40.136548 ,0.02796,0.097,09:00,10:30
11180,2,116.540068 ,39.952693 ,0.67068,1.9792,10:00,11:00
11181,2,116.599350 ,39.927896 ,0.621,1.8326,11:30,12:00
11182,2,116.387214 ,39.880575 ,0.309,1.0075,10:30,11:00
11183,2,116.337986 ,40.156197 ,0.15014,0.3978,08:30,10:00
11184,2,116.337199 ,39.860081 ,0.02796,0.097,08:00,09:00
11185,2,116.608656 ,40.005723 ,1.77606,5.2413,10:30,11:00
11186,2,116.647379 ,40.018206 ,1.242,3.6652,10:00,10:30
11187,2,116.235035 ,39.998619 ,0.1242,0.3665,08:30,10:30
11188,2,116.275035 ,40.133549 ,1.39104,4.105,09:00,10:30
11189,2,116.597769 ,39.890492 ,0.202,0.4754,08:00,09:00
11190,2,116.394889 ,39.891920 ,0.7052,1.6505,10:30,11:30
11191,2,116.487246 ,40.095560 ,0.07329,0.1467,08:00,10:00
11192,2,116.208719 ,39.761030 ,1.104,8.5536,10:00,12:00
11193,2,116.306942 ,40.043173 ,0.02796,0.097,09:00,10:30
11194,2,116.351542 ,39.718181 ,0.02796,0.097,08:00,09:30
11195,2,116.402809 ,39.917986 ,0.31102,0.9203,10:00,10:30
11196,2,116.123324 ,39.789468 ,0.0033,0.018,10:00,10:30
11197,2,116.673490 ,39.934032 ,0.0566,0.3791,08:00,09:30
11198,2,116.394614 ,40.033234 ,0.0012,0.0092,10:00,11:30
11199,2,116.587903 ,40.089640 ,0.00285,0.0103,11:00,12:00
11200,2,116.189653 ,40.101419 ,0.08877,0.1336,11:30,12:00
11201,2,116.332167 ,39.898979 ,0.0612,0.09,11:30,12:00
11202,2,116.588881 ,39.971714 ,0.075,0.25,09:00,11:00
11203,2,116.452670 ,39.945944 ,0.7608,1.35,09:00,10:00
11204,2,116.411840 ,39.930468 ,0.82946,1.5412,10:00,11:00
11205,2,116.413666 ,39.910817 ,0.376,0.6754,11:30,12:00
11206,2,116.209301 ,39.985962 ,0.0196,0.1642,09:30,10:00
11207,2,116.217278 ,40.120801 ,0.025,0.0432,09:00,10:30
11208,2,116.388288 ,40.006930 ,0.15182,0.2484,10:00,11:30
11209,2,116.685487 ,39.889414 ,0.1092,0.901,10:00,11:00
11210,2,116.350799 ,39.916374 ,0.055614,0.1015,09:30,10:00
11211,2,116.570184 ,39.923462 ,0.02736,0.1189,09:00,11:00
11212,2,116.472280 ,39.872662 ,0.064106,0.3175,08:30,10:30
11213,2,116.206432 ,40.063378 ,0.055614,0.1015,08:00,09:30
11214,2,116.508983 ,39.796930 ,0.029856,0.0773,08:00,09:00
11215,2,116.418160 ,39.809677 ,0.0228,0.0291,08:00,09:30
11216,2,116.620869 ,40.009045 ,0.012264,0.0188,09:00,11:00
11217,2,116.378434 ,40.062079 ,0.0228,0.0291,09:00,10:30
11218,2,116.443565 ,39.928613 ,0.0108,0.0178,10:00,11:00
11219,2,116.635472 ,39.881807 ,0.0476,0.4008,09:30,10:00
11220,2,116.250072 ,39.947178 ,0.10825,0.9753,09:00,09:30
11221,2,116.181828 ,40.059878 ,0.33765,3.0064,08:00,09:00
11222,2,116.205470 ,40.014398 ,0.0384,0.3334,08:00,09:30
11223,2,116.615453 ,39.940907 ,0.015,0.1202,10:00,11:00
11224,2,116.676071 ,39.999942 ,0.08295,0.8423,11:00,12:00
11225,2,116.238932 ,39.876511 ,0.197,1.7486,10:00,10:30
11226,2,116.288471 ,39.696481 ,0.0456,0.385,10:00,12:00
11227,2,116.567669 ,39.849793 ,0.0615,0.5417,09:30,11:00
11228,2,116.513570 ,40.059974 ,0.01692,0.135,08:30,10:00
11229,2,116.372983 ,39.948923 ,0.0046,0.0427,09:00,10:00
11230,2,116.354349 ,40.119763 ,0.07438,0.1375,10:30,11:00
11231,2,116.154592 ,39.757396 ,0.01938,0.0295,08:30,10:00
11232,2,116.199241 ,39.816129 ,0.02547,0.0362,10:30,12:00
11233,2,116.519183 ,40.132792 ,0.01986,0.0635,10:00,11:30
11234,2,116.231434 ,39.914733 ,0.0305,0.1248,10:00,11:00
11235,2,116.326348 ,39.884547 ,0.0354,0.0548,11:30,12:00
11236,2,116.263177 ,40.156093 ,0.0046,0.0281,09:30,10:00
11237,2,116.206945 ,40.123683 ,0.0432,0.0752,08:00,09:30
11238,2,116.464903 ,39.976683 ,0.03875,0.0823,09:00,10:30
11239,2,116.327652 ,40.058998 ,0.0458,0.2879,09:00,10:00
11240,2,116.473028 ,39.927860 ,0.0442,0.3809,10:00,10:30
11241,2,116.144991 ,39.795100 ,0.0456,0.385,10:00,12:00
11242,2,116.298357 ,40.093480 ,0.01368,0.0595,09:00,11:00
11243,2,116.446450 ,39.805575 ,0.00384,0.0752,08:00,09:30
11244,2,116.267235 ,39.815651 ,0.00948,0.0793,10:00,11:00
11245,2,116.169317 ,40.000579 ,0.01644,0.1346,09:00,09:30
11246,2,116.405939 ,39.780384 ,0.313698,0.54,08:00,08:30
11247,2,116.224413 ,40.146151 ,0.145148,0.2764,08:00,09:30
11248,2,116.125250 ,39.703999 ,0.184665,0.33,10:00,11:30
11249,2,116.706787 ,39.875348 ,0.0253,0.2028,11:00,11:30
11250,2,116.597046 ,39.779727 ,0.40024,1.1139,10:30,11:00
11251,2,116.428440 ,39.757199 ,0.0876,0.8028,10:00,12:00
11252,2,116.345177 ,40.035371 ,0.225,1.8032,09:00,10:30
11253,2,116.549648 ,39.812085 ,0.202427,0.3151,09:30,10:30
11254,2,116.304764 ,39.936147 ,0.042,0.238,10:30,11:30
11255,2,116.552290 ,39.831011 ,0.007,0.0357,08:30,09:00
11256,2,116.569093 ,39.809453 ,0.01385,0.052,09:30,11:30
11257,2,116.147134 ,39.816921 ,0.2076,0.3666,10:00,11:30
11258,2,116.667462 ,39.962808 ,0.2076,0.3666,10:00,11:30
11259,2,116.447531 ,39.749953 ,0.00672,0.0083,08:30,09:30
11260,2,116.439620 ,39.958358 ,0.001005,0.0012,11:00,11:30
11261,2,116.217973 ,39.764260 ,0.477055,0.8059,08:00,10:00
11262,2,116.243733 ,39.845854 ,0.023425,0.0343,10:00,12:00
11263,2,116.309385 ,39.983787 ,0.006467,0.0477,10:30,11:30
11264,2,116.368489 ,40.115393 ,0.00596,0.0375,09:30,10:00
11265,2,116.195333 ,39.821180 ,0.05395,0.6179,08:00,08:30
11266,2,116.404329 ,39.855657 ,0.20778,0.3768,08:00,09:30
11267,2,116.190837 ,39.999309 ,0.21675,0.3827,08:30,10:00
11268,2,116.397019 ,39.898967 ,0.279895,0.4533,10:00,11:00
11269,2,116.205702 ,39.897979 ,0.032,0.0484,10:00,11:00
11270,2,116.647654 ,39.877709 ,0.160525,0.2258,09:30,10:00
11271,2,116.529483 ,39.892154 ,0.0072,0.1258,08:00,09:00
11272,2,116.627512 ,39.861314 ,0.08166,0.8531,10:00,11:30
11273,2,116.198674 ,39.916612 ,0.096,1.1889,10:00,11:00
11274,2,116.692590 ,39.890214 ,0.00756,0.0689,11:00,12:00
11275,2,116.536915 ,39.893200 ,0.0095,0.064,09:00,09:30
11276,2,116.636218 ,40.034586 ,0.0045,0.0446,10:00,12:00
11277,2,116.189183 ,39.723445 ,0.0181,0.0907,10:00,12:00
11278,2,116.327434 ,40.117239 ,0.0108,0.0178,10:30,12:00
11279,2,116.568859 ,39.820563 ,0.06096,0.1117,08:00,09:30
11280,2,116.281420 ,39.886103 ,0.06096,0.1117,10:00,12:00
11281,2,116.243011 ,40.045608 ,0.028992,0.0357,11:00,12:00
11282,2,116.327029 ,39.973866 ,0.028992,0.0357,08:00,09:00
11283,2,116.402451 ,39.887482 ,0.1879,0.2903,09:30,10:00
11284,2,116.654761 ,40.016388 ,0.0065,0.0164,08:00,10:00
11285,2,116.690757 ,39.986581 ,0.012225,0.0282,08:00,09:30
11286,2,116.663651 ,39.914927 ,0.1929,0.3494,09:00,10:30
11287,2,116.627260 ,39.952109 ,0.48419,0.8457,09:00,10:00
11288,2,116.171938 ,39.975946 ,0.3399,3.3116,09:00,09:30
11289,2,116.303708 ,39.869474 ,0.3399,3.3116,10:00,12:00
11290,2,116.670191 ,39.855740 ,0.3502,3.412,08:00,10:00
11291,2,116.452606 ,39.944367 ,0.18975,1.521,09:00,10:30
11292,2,116.348522 ,39.921335 ,0.20856,0.3047,09:00,10:00
11293,2,116.470120 ,39.841993 ,0.30955,2.6252,10:30,11:00
11294,2,116.386582 ,39.891243 ,0.0975,0.8072,10:00,10:30
11295,2,116.206392 ,40.105408 ,0.103,1.0035,08:00,09:30
11296,2,116.424844 ,39.949347 ,0.0844,0.7652,09:00,10:00
11297,2,116.264782 ,39.889347 ,0.0434,0.6856,08:00,09:00
11298,2,116.552738 ,40.040233 ,0.05805,0.4785,11:30,12:00
11299,2,116.348242 ,39.861767 ,0.0315,2.6789,10:00,10:30
11300,2,116.253942 ,40.066961 ,0.0657,0.6021,10:30,12:00
11301,3,116.270932 ,39.724850 ,0.0984,0.8101,14:00,15:00
11302,3,116.277915 ,39.931578 ,0.20863,0.3048,14:00,15:00
11303,3,116.454943 ,40.139756 ,0.00928,0.0445,13:00,14:00
11304,3,116.298878 ,39.932117 ,0.00288,0.0392,13:30,15:30
11305,3,116.588865 ,40.106109 ,0.19229,0.3173,14:00,15:00
11306,3,116.245541 ,40.121379 ,0.0257,0.135,13:00,14:00
11307,3,116.369061 ,39.909143 ,0.007,0.0372,15:00,15:30
11308,3,116.181614 ,39.914300 ,0.64025,0.9923,13:00,15:00
11309,3,116.469464 ,39.914106 ,0.00205,0.0138,13:00,15:00
11310,3,116.370182 ,39.878500 ,0.0363,0.2472,13:30,15:00
11311,3,116.471499 ,39.952107 ,0.01912,0.0481,14:00,14:30
11312,3,116.510475 ,39.792837 ,0.076025,0.1221,14:00,14:30
11313,3,116.253255 ,39.935127 ,0.06728,0.0903,13:00,14:00
11314,3,116.576615 ,39.819001 ,0.04325,0.0709,13:00,14:00
11315,3,116.270601 ,39.742400 ,0.07392,0.4344,14:00,15:30
11316,3,116.142719 ,39.948894 ,0.0171,0.1138,14:00,15:00
11317,3,116.398916 ,39.870070 ,2.258505,3.5294,13:30,14:00
11318,3,116.490507 ,39.987999 ,0.0756,0.732,13:30,14:00
11319,3,116.228650 ,39.914474 ,0.003,0.0507,13:00,14:30
11320,3,116.297420 ,39.907709 ,0.084,0.7728,13:00,14:00
11321,3,116.552362 ,39.822023 ,0.11764,0.1925,13:30,14:00
11322,3,116.220473 ,39.793640 ,0.06728,0.0903,15:00,15:30
11323,3,116.316439 ,39.887115 ,0.01044,0.0224,13:00,14:30
11324,3,116.410856 ,39.928049 ,0.0314,0.3671,13:00,14:00
11325,3,116.543609 ,40.100493 ,0.01808,0.1957,13:00,14:00
11326,3,116.295477 ,39.880130 ,0.02005,0.0858,13:00,14:00
11327,3,116.509223 ,39.963820 ,0.0282,0.2304,14:00,14:30
11328,3,116.208912 ,39.841088 ,0.0056,0.0822,13:00,14:00
11329,3,116.461434 ,39.953217 ,0.0013,0.0041,14:00,15:30
11330,3,116.494370 ,39.920268 ,0.022,0.2836,13:30,14:30
11331,3,116.304491 ,40.149096 ,0.0152,0.0661,15:30,16:00
11332,3,116.583528 ,39.783619 ,0.003,0.0051,13:30,15:30
11333,3,116.465077 ,40.118988 ,0.19191,0.3204,14:00,15:30
11334,3,116.297961 ,39.965270 ,0.00812,0.0402,14:00,15:30
11335,3,116.408578 ,39.951396 ,0.04308,0.1909,15:00,16:00
11336,3,116.550060 ,39.879181 ,0.12685,0.1494,15:00,15:30
11337,3,116.588807 ,40.078094 ,0.01568,0.0626,13:00,14:30
11338,3,116.443966 ,39.920333 ,0.007416,0.0333,13:00,14:30
11339,3,116.473989 ,40.136999 ,0.03444,0.0359,13:00,15:00
11340,3,116.247161 ,39.874744 ,0.10048,0.8472,14:30,15:30
11341,3,116.118077 ,40.045442 ,0.2268,1.9055,14:00,16:00
11342,3,116.404948 ,39.868390 ,0.3995,3.477,13:00,14:00
11343,3,116.220122 ,39.984690 ,0.0594,0.0958,14:30,15:30
11344,3,116.144024 ,40.064126 ,0.0684,0.5775,13:30,14:30
11345,3,116.519499 ,39.742844 ,0.04932,0.4037,13:00,15:00
11346,3,116.472320 ,40.082330 ,0.3545,2.9843,13:00,14:00
11347,3,116.445761 ,39.808574 ,0.00339,0.0045,14:30,16:00
11348,3,116.273622 ,40.002688 ,0.078,0.147,15:00,15:30
11349,3,116.648063 ,39.982195 ,0.00285,0.0042,13:00,14:30
11350,3,116.539431 ,40.081178 ,0.0172,0.0254,13:00,14:00
11351,3,116.302720 ,39.883578 ,0.0617,0.1733,14:00,15:00
11352,3,116.290056 ,39.896760 ,0.23315,0.4148,14:00,14:30
11353,3,116.549127 ,39.867060 ,0.150205,0.276,14:00,16:00
11354,3,116.514074 ,39.763565 ,0.02128,0.1057,14:00,16:00
11355,3,116.411357 ,40.039642 ,0.00112,0.008,13:30,14:30
11356,3,116.484356 ,40.096164 ,0.18376,0.3214,13:30,14:30
11357,3,116.393543 ,39.956892 ,0.1842,0.2881,15:30,16:00
11358,3,116.467487 ,39.952910 ,0.00936,0.0693,13:30,15:30
11359,3,116.477085 ,39.882224 ,0.182548,0.3205,13:00,14:00
11360,3,116.262006 ,39.776820 ,0.8254,1.2535,15:00,16:00
11361,3,116.173193 ,40.003159 ,0.0617,0.1804,14:30,15:00
11362,3,116.197948 ,40.125289 ,0.5368,0.8173,14:30,15:00
11363,3,116.275453 ,40.128985 ,0.11828,0.1997,14:30,16:00
11364,3,116.475440 ,39.834286 ,0.81722,1.1889,14:00,15:00
11365,3,116.169783 ,39.825254 ,0.44158,0.7566,14:00,15:00
11366,3,116.382645 ,39.870579 ,0.34246,0.5341,14:30,15:00
11367,3,116.399035 ,39.883690 ,0.54648,0.9104,13:30,15:30
11368,3,116.516228 ,39.902705 ,0.13438,0.2172,13:30,15:00
11369,3,116.438380 ,40.103747 ,0.70518,1.0576,13:00,14:00
11370,3,116.627257 ,39.955974 ,0.53322,0.8355,13:00,14:00
11371,3,116.396793 ,40.129199 ,0.85168,1.4,15:00,15:30
11372,3,116.416006 ,39.862113 ,0.43706,0.7414,13:00,15:00
11373,3,116.493516 ,39.766849 ,0.17716,0.353,13:00,15:00
11374,3,116.297386 ,39.857615 ,0.87314,1.8484,13:00,14:30
11375,3,116.330272 ,40.075200 ,1.4348,2.9891,14:00,14:30
11376,3,116.363700 ,40.117665 ,0.43144,0.6965,13:00,14:00
11377,3,116.102740 ,39.965638 ,0.7975,1.2628,14:00,15:30
11378,3,116.199848 ,39.914754 ,0.36132,0.6622,14:00,15:30
11379,3,116.477351 ,40.070543 ,0.6744,1.2126,13:30,14:30
11380,3,116.348029 ,39.761184 ,1.95528,3.4247,13:30,14:00
11381,3,116.589430 ,39.892214 ,0.03638,0.1555,13:00,14:00
11382,3,116.527414 ,39.835401 ,0.56382,0.9793,13:30,15:30
11383,3,116.284865 ,39.932372 ,0.45374,0.7509,13:00,14:30
11384,3,116.533436 ,39.782045 ,1.06712,1.7912,13:00,14:00
11385,3,116.368346 ,39.883177 ,0.49656,0.8829,13:00,14:30
11386,3,116.211566 ,39.910770 ,0.24982,0.3807,13:00,14:30
11387,3,116.442000 ,40.032729 ,0.87424,1.4664,15:00,16:00
11388,3,116.504613 ,39.792336 ,0.68462,1.0354,14:00,15:00
11389,3,116.428940 ,39.974659 ,0.25162,0.5506,14:00,14:30
11390,3,116.200443 ,39.763577 ,0.2963,0.4764,13:00,14:30
11391,3,116.459652 ,39.933561 ,0.40994,0.7559,13:30,15:00
11392,3,116.147471 ,39.819048 ,0.5014,0.9391,13:30,14:30
11393,3,116.639643 ,39.834010 ,0.23778,0.39,15:30,16:00
11394,3,116.658715 ,39.878448 ,0.61072,0.9215,15:30,16:00
11395,3,116.520122 ,39.975020 ,0.5834,1.0428,13:00,15:00
11396,3,116.528537 ,40.072247 ,0.4694,0.8031,13:00,14:30
11397,3,116.685642 ,39.886986 ,1.18448,2.0906,15:00,16:00
11398,3,116.205088 ,39.889431 ,0.37998,0.7666,15:00,16:00
11399,3,116.211280 ,40.136549 ,0.60986,0.9445,13:00,15:00
11400,3,116.472570 ,39.891594 ,0.75572,1.234,13:00,14:00
11401,3,116.506430 ,39.994986 ,0.3751,0.7408,14:30,16:00
11402,3,116.442696 ,40.105521 ,1.4399,2.211,14:30,16:00
11403,3,116.520989 ,39.854237 ,0.66182,1.079,14:00,15:00
11404,3,116.218696 ,39.900374 ,0.31596,0.6219,14:00,14:30
11405,3,116.502351 ,40.106847 ,0.50706,0.7624,14:00,16:00
11406,3,116.350483 ,39.715380 ,0.016,0.039,14:00,16:00
11407,3,116.544722 ,40.038374 ,0.89608,1.3767,15:00,15:30
11408,3,116.195154 ,39.828434 ,1.28862,3.8722,15:00,15:30
11409,3,116.637168 ,39.850871 ,0.23603,0.4234,13:00,15:00
11410,3,116.323320 ,40.029018 ,0.0873,0.1302,13:30,15:00
11411,3,116.467005 ,40.144693 ,0.382325,0.6047,13:00,14:00
11412,3,116.587559 ,39.792888 ,0.28185,0.4355,15:00,16:00
11413,3,116.130487 ,39.825644 ,0.02865,0.2364,14:30,15:00
11414,3,116.237509 ,39.839429 ,0.1146,0.9456,14:30,15:00
11415,3,116.291820 ,39.832721 ,0.162981,0.2908,13:00,14:00
11416,3,116.537111 ,40.031369 ,0.2682,0.4993,14:00,15:00
11417,3,116.693563 ,39.978059 ,0.1959,0.3462,14:00,15:00
11418,3,116.194695 ,40.161851 ,0.0476,0.4008,14:00,15:00
11419,3,116.365614 ,39.853709 ,0.8945,1.397,14:00,16:00
11420,3,116.199718 ,40.042885 ,0.6757,1.2628,14:30,16:00
11421,3,116.530244 ,39.905864 ,0.02688,0.0706,13:30,15:00
11422,3,116.561136 ,40.018792 ,1.27182,1.9003,13:30,15:00
11423,3,116.338643 ,39.823091 ,0.17878,0.2784,15:00,15:30
11424,3,116.315560 ,39.830889 ,0.33398,0.4555,13:00,15:00
11425,3,116.449648 ,39.838145 ,0.44932,0.6871,13:30,15:00
11426,3,116.207466 ,39.878383 ,0.71252,1.1461,13:00,14:00
11427,3,116.233226 ,40.105287 ,1.29328,2.2637,14:30,15:30
11428,3,116.175176 ,40.022597 ,0.1096,0.1839,14:30,15:00
11429,3,116.132894 ,39.826960 ,0.90228,1.5486,14:30,15:00
11430,3,116.290849 ,39.745273 ,0.01622,0.1122,13:00,14:30
11431,3,116.367396 ,39.939423 ,0.09486,0.1611,14:00,15:00
11432,3,116.440599 ,39.798683 ,0.47708,0.7756,14:00,15:00
11433,3,116.338235 ,39.745298 ,0.26924,0.5221,14:30,15:00
11434,3,116.615742 ,40.137218 ,0.71974,1.2441,14:00,14:30
11435,3,116.371421 ,39.896194 ,0.34166,0.5294,14:30,16:00
11436,3,116.248024 ,40.152208 ,0.17892,0.2904,13:30,15:00
11437,3,116.470306 ,40.126816 ,0.43758,0.7707,13:30,15:00
11438,3,116.530147 ,39.899956 ,0.31198,0.5024,13:30,14:30
11439,3,116.559296 ,39.906734 ,0.38988,0.6358,13:00,15:00
11440,3,116.666871 ,39.916685 ,1.09236,1.9929,13:00,15:00
11441,3,116.419831 ,39.858995 ,0.43416,0.5664,13:00,14:00
11442,3,116.165603 ,39.935406 ,0.15586,0.2468,15:00,16:00
11443,3,116.589803 ,39.758826 ,0.12462,0.2485,14:30,15:00
11444,3,116.211088 ,40.156055 ,0.02032,0.0354,14:30,15:00
11445,3,116.431336 ,40.150942 ,2.09714,3.5047,13:00,14:00
11446,3,116.202159 ,40.163387 ,0.62116,1.0504,14:30,16:00
11447,3,116.213323 ,40.013149 ,0.17218,0.4138,14:00,15:00
11448,3,116.466912 ,39.928269 ,0.52962,1.0019,14:00,15:00
11449,3,116.184887 ,39.760972 ,0.1614,0.2584,13:30,14:00
11450,3,116.296775 ,40.108902 ,0.10766,0.182,14:00,16:00
11451,3,116.559472 ,40.022076 ,0.11734,0.1803,13:30,15:00
11452,3,116.220657 ,39.705848 ,0.61772,1.0503,13:30,15:00
11453,3,116.264940 ,39.809564 ,0.13774,0.2855,15:30,16:00
11454,3,116.333870 ,39.957338 ,0.63046,1.0665,15:30,16:00
11455,3,116.299099 ,40.143031 ,0.48486,0.711,13:00,14:00
11456,3,116.183174 ,39.924066 ,0.0108,0.0323,13:00,14:00
11457,3,116.188478 ,39.919120 ,0.05888,0.161,14:30,15:30
11458,3,116.358220 ,39.921366 ,0.00358,0.028,14:00,16:00
11459,3,116.216056 ,39.995211 ,0.1221,0.2913,13:30,15:00
11460,3,116.340096 ,39.715642 ,0.45798,0.8583,13:30,14:30
11461,3,116.706953 ,39.956491 ,0.1536,0.2441,15:30,16:00
11462,3,116.323945 ,39.968552 ,0.79108,1.1389,15:30,16:00
11463,3,116.433619 ,39.848726 ,0.1301,0.2199,13:00,15:00
11464,3,116.377821 ,39.947571 ,0.21302,0.4177,13:30,14:30
11465,3,116.439541 ,39.944724 ,0.09374,0.1763,15:00,16:00
11466,3,116.374034 ,39.873521 ,0.1136,0.2469,15:00,16:00
11467,3,116.537453 ,39.787871 ,0.01124,0.0428,13:00,14:30
11468,3,116.481484 ,39.961256 ,0.00456,0.0242,13:00,14:30
11469,3,116.374724 ,40.001870 ,0.3642,0.6718,14:30,16:00
11470,3,116.193159 ,39.801022 ,0.0468,0.0918,14:30,15:30
11471,3,116.171806 ,40.027078 ,0.04062,0.0969,13:00,14:00
11472,3,116.185790 ,39.997814 ,0.21332,0.3312,14:30,16:00
11473,3,116.500060 ,40.008026 ,0.68272,1.0957,13:30,15:00
11474,3,116.143786 ,39.812483 ,0.97536,1.7026,13:30,15:00
11475,3,116.212270 ,39.931693 ,0.00864,0.0124,15:30,16:00
11476,3,116.551409 ,39.791552 ,0.42482,0.706,15:30,16:00
11477,3,116.325046 ,40.170185 ,0.0383,0.0672,13:00,15:00
11478,3,116.183870 ,39.914539 ,0.23138,0.3766,13:00,15:00
11479,3,116.410661 ,39.858891 ,0.47278,0.807,15:00,16:00
11480,3,116.430620 ,39.781145 ,0.6317,1.0343,15:00,16:00
11481,3,116.619661 ,40.051194 ,0.17576,0.293,14:30,15:00
11482,3,116.424023 ,39.946250 ,0.51858,0.8344,13:00,14:30
11483,3,116.375403 ,39.956846 ,0.27732,0.442,14:30,16:00
11484,3,116.566472 ,40.135154 ,0.24026,0.3831,14:30,16:00
11485,3,116.462933 ,39.886097 ,1.3401,2.4902,14:00,15:00
11486,3,116.166609 ,39.998198 ,0.36264,0.5748,14:00,14:30
11487,3,116.180833 ,40.074933 ,0.96704,1.6726,13:30,15:00
11488,3,116.542512 ,39.907860 ,0.89352,1.3062,13:30,15:00
11489,3,116.587010 ,39.822677 ,0.56694,1.0263,14:00,15:00
11490,3,116.534473 ,39.749923 ,0.53564,1.0395,13:30,14:30
11491,3,116.242971 ,40.081603 ,0.11534,0.2122,14:00,16:00
11492,3,116.663933 ,39.863280 ,0.09432,0.17,13:00,15:00
11493,3,116.158986 ,39.989915 ,0.59928,0.9245,13:30,15:00
11494,3,116.369153 ,40.015563 ,0.5334,0.8649,15:00,16:00
11495,3,116.497040 ,39.851336 ,0.22954,0.6436,14:30,15:00
11496,3,116.506516 ,39.995139 ,0.25764,0.4557,14:30,15:00
11497,3,116.277179 ,39.912740 ,0.01548,0.0424,13:00,14:00
11498,3,116.594829 ,39.882908 ,0.031,0.0738,14:30,16:00
11499,3,116.408322 ,40.057861 ,0.12504,0.249,14:00,15:00
11500,3,116.614451 ,40.117460 ,0.06428,0.1735,14:00,15:00
11501,4,116.434229 ,39.937693 ,-,-,-,-
11502,4,116.443507 ,39.850495 ,-,-,-,-
11503,4,116.298287 ,39.918852 ,-,-,-,-
11504,4,116.423940 ,39.937465 ,-,-,-,-
11505,4,116.551239 ,39.760825 ,-,-,-,-
11506,4,116.312730 ,40.036640 ,-,-,-,-
11507,4,116.547371 ,39.952180 ,-,-,-,-
11508,4,116.532964 ,40.069798 ,-,-,-,-
11509,4,116.396765 ,39.976815 ,-,-,-,-
11510,4,116.217075 ,40.143489 ,-,-,-,-
11511,4,116.420156 ,39.855700 ,-,-,-,-
11512,4,116.307528 ,40.121092 ,-,-,-,-
11513,4,116.246278 ,39.849615 ,-,-,-,-
11514,4,116.138998 ,40.047580 ,-,-,-,-
11515,4,116.108385 ,40.036531 ,-,-,-,-
11516,4,116.357748 ,39.880892 ,-,-,-,-
11517,4,116.335070 ,39.892945 ,-,-,-,-
11518,4,116.503715 ,39.879853 ,-,-,-,-
11519,4,116.170831 ,39.872604 ,-,-,-,-
11520,4,116.269945 ,40.137007 ,-,-,-,-
11521,4,116.366597 ,40.031905 ,-,-,-,-
11522,4,116.467140 ,39.899782 ,-,-,-,-
11523,4,116.155218 ,39.774967 ,-,-,-,-
11524,4,116.250645 ,40.148044 ,-,-,-,-
11525,4,116.288531 ,40.103464 ,-,-,-,-
11526,4,116.291142 ,40.066812 ,-,-,-,-
11527,4,116.475843 ,39.894713 ,-,-,-,-
11528,4,116.444783 ,39.860704 ,-,-,-,-
11529,4,116.106939 ,39.759732 ,-,-,-,-
11530,4,116.304648 ,40.169755 ,-,-,-,-
11531,4,116.169831 ,40.021150 ,-,-,-,-
11532,4,116.195153 ,40.047711 ,-,-,-,-
11533,4,116.254177 ,39.861580 ,-,-,-,-
11534,4,116.350295 ,40.022374 ,-,-,-,-
11535,4,116.598243 ,39.954395 ,-,-,-,-
11536,4,116.419207 ,39.947101 ,-,-,-,-
11537,4,116.249460 ,39.706920 ,-,-,-,-
11538,4,116.379488 ,39.825212 ,-,-,-,-
11539,4,116.477894 ,40.014233 ,-,-,-,-
11540,4,116.193412 ,40.126198 ,-,-,-,-
11541,4,116.610604 ,40.007637 ,-,-,-,-
11542,4,116.500067 ,39.854425 ,-,-,-,-
11543,4,116.359785 ,39.922431 ,-,-,-,-
11544,4,116.262383 ,39.823283 ,-,-,-,-
11545,4,116.448655 ,39.863456 ,-,-,-,-
11546,4,116.299417 ,39.986487 ,-,-,-,-
11547,4,116.669076 ,40.019576 ,-,-,-,-
11548,4,116.523984 ,39.807962 ,-,-,-,-
11549,4,116.510466 ,39.826083 ,-,-,-,-
11550,4,116.572644 ,40.004403 ,-,-,-,-
11551,4,116.401390 ,39.784642 ,-,-,-,-
11552,4,116.339910 ,39.999086 ,-,-,-,-
11553,4,116.389799 ,39.968129 ,-,-,-,-
11554,4,116.599823 ,39.928025 ,-,-,-,-
11555,4,116.606222 ,39.952062 ,-,-,-,-
11556,4,116.184033 ,39.914530 ,-,-,-,-
11557,4,116.203681 ,39.927755 ,-,-,-,-
11558,4,116.238224 ,39.916808 ,-,-,-,-
11559,4,116.428983 ,39.786402 ,-,-,-,-
11560,4,116.170822 ,40.079349 ,-,-,-,-
11561,4,116.700492 ,39.868881 ,-,-,-,-
11562,4,116.481570 ,40.116280 ,-,-,-,-
11563,4,116.463535 ,39.821977 ,-,-,-,-
11564,4,116.302469 ,39.748704 ,-,-,-,-
11565,4,116.169992 ,39.969476 ,-,-,-,-
11566,4,116.124882 ,39.744397 ,-,-,-,-
11567,4,116.151537 ,39.723600 ,-,-,-,-
11568,4,116.400889 ,40.131529 ,-,-,-,-
11569,4,116.550121 ,39.878862 ,-,-,-,-
11570,4,116.348881 ,40.024685 ,-,-,-,-
11571,4,116.644483 ,39.959409 ,-,-,-,-
11572,4,116.659019 ,39.892582 ,-,-,-,-
11573,4,116.622564 ,40.120606 ,-,-,-,-
11574,4,116.331195 ,39.766720 ,-,-,-,-
11575,4,116.556563 ,39.907162 ,-,-,-,-
11576,4,116.396261 ,39.899365 ,-,-,-,-
11577,4,116.375030 ,40.056207 ,-,-,-,-
11578,4,116.497980 ,39.855550 ,-,-,-,-
11579,4,116.174805 ,40.075931 ,-,-,-,-
11580,4,116.484770 ,39.923525 ,-,-,-,-
11581,4,116.289866 ,39.932024 ,-,-,-,-
11582,4,116.256492 ,39.860011 ,-,-,-,-
11583,4,116.422670 ,39.772339 ,-,-,-,-
11584,4,116.471870 ,39.971171 ,-,-,-,-
11585,4,116.387999 ,39.841901 ,-,-,-,-
11586,4,116.258927 ,40.001737 ,-,-,-,-
11587,4,116.354493 ,40.075457 ,-,-,-,-
11588,4,116.394511 ,39.988501 ,-,-,-,-
11589,4,116.347889 ,39.872878 ,-,-,-,-
11590,4,116.514621 ,39.898991 ,-,-,-,-
11591,4,116.267897 ,39.866842 ,-,-,-,-
11592,4,116.215158 ,39.995495 ,-,-,-,-
11593,4,116.416267 ,39.776149 ,-,-,-,-
11594,4,116.587973 ,39.779178 ,-,-,-,-
11595,4,116.681527 ,39.986911 ,-,-,-,-
11596,4,116.265774 ,39.847711 ,-,-,-,-
11597,4,116.125447 ,39.946346 ,-,-,-,-
11598,4,116.186510 ,40.108060 ,-,-,-,-
11599,4,116.691427 ,39.988786 ,-,-,-,-
11600,4,116.186725 ,39.733337 ,-,-,-,-
